{
	"credit": "Made with Blockbench",
	"texture_size": [64, 64],
	"textures": {
		"0": "item/atremis_bow_pulling_3",
		"particle": "item/atremis_bow_pulling_3"
	},
	"elements": [
		{
			"from": [3.65293, 4.0203, 7],
			"to": [5.65293, 11.0203, 9],
			"rotation": {"angle": 0, "axis": "y", "origin": [4.65293, 8.0203, 8]},
			"faces": {
				"north": {"uv": [7, 4.25, 7.5, 6], "texture": "#0"},
				"east": {"uv": [7, 6, 7.5, 7.75], "texture": "#0"},
				"south": {"uv": [7.25, 0, 7.75, 1.75], "texture": "#0"},
				"west": {"uv": [5.25, 7.25, 5.75, 9], "texture": "#0"},
				"up": {"uv": [9.5, 5.25, 9, 4.75], "texture": "#0"},
				"down": {"uv": [5.75, 9, 5.25, 9.5], "texture": "#0"}
			}
		},
		{
			"from": [0.95293, 5.5203, 8],
			"to": [15.95293, 10.5203, 8],
			"rotation": {"angle": 45, "axis": "x", "origin": [10.95293, 8.0203, 8]},
			"faces": {
				"north": {"uv": [0, 2.5, 3.75, 3.75], "texture": "#0"},
				"east": {"uv": [0, 0, 0, 1.25], "texture": "#0"},
				"south": {"uv": [0, 3.75, 3.75, 5], "texture": "#0"},
				"west": {"uv": [0, 0, 0, 1.25], "texture": "#0"},
				"up": {"uv": [3.75, 0, 0, 0], "texture": "#0"},
				"down": {"uv": [3.75, 0, 0, 0], "texture": "#0"}
			}
		},
		{
			"from": [7.72818, 18.26921, 7],
			"to": [9.72818, 23.26921, 9],
			"rotation": {"angle": -22.5, "axis": "z", "origin": [8.69091, 18.71395, 8]},
			"faces": {
				"north": {"uv": [7.75, 0, 8.25, 1.25], "texture": "#0"},
				"east": {"uv": [0.5, 7.75, 1, 9], "texture": "#0"},
				"south": {"uv": [1, 7.75, 1.5, 9], "texture": "#0"},
				"west": {"uv": [1.5, 7.75, 2, 9], "texture": "#0"},
				"up": {"uv": [9.5, 5.75, 9, 5.25], "texture": "#0"},
				"down": {"uv": [9.5, 5.75, 9, 6.25], "texture": "#0"}
			}
		},
		{
			"from": [8.62818, 5.86921, 7.9],
			"to": [10.62818, 20.86921, 7.9],
			"rotation": {"angle": 22.5, "axis": "z", "origin": [9.22818, 19.95, 7.9]},
			"faces": {
				"north": {"uv": [3.75, 0, 4.25, 3.75], "texture": "#0"},
				"east": {"uv": [0, 0, 0, 3.75], "texture": "#0"},
				"south": {"uv": [3.75, 3.75, 4.25, 7.5], "texture": "#0"},
				"west": {"uv": [0, 0, 0, 3.75], "texture": "#0"},
				"up": {"uv": [0.5, 0, 0, 0], "texture": "#0"},
				"down": {"uv": [0.5, 0, 0, 0], "texture": "#0"}
			}
		},
		{
			"from": [9.24596, 22.26172, 7.5],
			"to": [17.24596, 24.26172, 8.5],
			"rotation": {"angle": 0, "axis": "z", "origin": [8.69091, 18.71395, 8]},
			"faces": {
				"north": {"uv": [5.5, 2.25, 7.5, 2.75], "texture": "#0"},
				"east": {"uv": [2.25, 5.75, 2.5, 6.25], "texture": "#0"},
				"south": {"uv": [5.5, 2.75, 7.5, 3.25], "texture": "#0"},
				"west": {"uv": [5.25, 6, 5.5, 6.5], "texture": "#0"},
				"up": {"uv": [10.5, 2.75, 8.5, 2.5], "texture": "#0"},
				"down": {"uv": [10.5, 2.75, 8.5, 3], "texture": "#0"}
			}
		},
		{
			"from": [9.24596, 19.26172, 8],
			"to": [16.24596, 22.26172, 8],
			"rotation": {"angle": 0, "axis": "z", "origin": [8.69091, 18.71395, 8]},
			"faces": {
				"north": {"uv": [0.75, 5, 2.5, 5.75], "texture": "#0"},
				"east": {"uv": [0, 0, 0, 0.75], "texture": "#0"},
				"south": {"uv": [5.5, 0, 7.25, 0.75], "texture": "#0"},
				"west": {"uv": [0, 0, 0, 0.75], "texture": "#0"},
				"up": {"uv": [1.75, 0, 0, 0], "texture": "#0"},
				"down": {"uv": [1.75, 0, 0, 0], "texture": "#0"}
			}
		},
		{
			"from": [3.65293, 11.0203, 7],
			"to": [5.65293, 15.0203, 9],
			"rotation": {"angle": 22.5, "axis": "z", "origin": [5.65293, 12.0203, 8]},
			"faces": {
				"north": {"uv": [8.5, 6.75, 9, 7.75], "texture": "#0"},
				"east": {"uv": [8.5, 7.75, 9, 8.75], "texture": "#0"},
				"south": {"uv": [8.75, 0, 9.25, 1], "texture": "#0"},
				"west": {"uv": [5.75, 8.75, 6.25, 9.75], "texture": "#0"},
				"up": {"uv": [9.5, 6.75, 9, 6.25], "texture": "#0"},
				"down": {"uv": [7.25, 9, 6.75, 9.5], "texture": "#0"}
			}
		},
		{
			"from": [2.75264, 13.16933, 7.01],
			"to": [4.73264, 21.14933, 8.99],
			"rotation": {"angle": -45, "axis": "z", "origin": [3.74673, 13.69618, 8]},
			"faces": {
				"north": {"uv": [2.5, 5, 3, 7], "texture": "#0"},
				"east": {"uv": [3, 5, 3.5, 7], "texture": "#0"},
				"south": {"uv": [5.5, 3.25, 6, 5.25], "texture": "#0"},
				"west": {"uv": [5.5, 5.25, 6, 7.25], "texture": "#0"},
				"up": {"uv": [9.5, 7.25, 9, 6.75], "texture": "#0"},
				"down": {"uv": [9.5, 7.25, 9, 7.75], "texture": "#0"}
			}
		},
		{
			"from": [2.70264, 13.11933, 6.96],
			"to": [4.78264, 21.19933, 9.04],
			"rotation": {"angle": -45, "axis": "z", "origin": [3.74673, 13.69618, 8]},
			"faces": {
				"north": {"uv": [0.75, 5.75, 1.25, 7.75], "texture": "#0"},
				"east": {"uv": [1.25, 5.75, 1.75, 7.75], "texture": "#0"},
				"south": {"uv": [1.75, 5.75, 2.25, 7.75], "texture": "#0"},
				"west": {"uv": [6, 3.25, 6.5, 5.25], "texture": "#0"},
				"up": {"uv": [9.75, 4, 9.25, 3.5], "texture": "#0"},
				"down": {"uv": [9.75, 4, 9.25, 4.5], "texture": "#0"}
			}
		},
		{
			"from": [7.67818, 18.21921, 6.95],
			"to": [9.77818, 23.31921, 9.05],
			"rotation": {"angle": -22.5, "axis": "z", "origin": [8.69091, 18.71395, 8]},
			"faces": {
				"north": {"uv": [6.75, 7.75, 7.25, 9], "texture": "#0"},
				"east": {"uv": [4.75, 8, 5.25, 9.25], "texture": "#0"},
				"south": {"uv": [8, 5, 8.5, 6.25], "texture": "#0"},
				"west": {"uv": [8, 6.25, 8.5, 7.5], "texture": "#0"},
				"up": {"uv": [9.75, 0.5, 9.25, 0], "texture": "#0"},
				"down": {"uv": [9.75, 0.5, 9.25, 1], "texture": "#0"}
			}
		},
		{
			"from": [7.67818, -8.31921, 6.95],
			"to": [9.77818, -3.21921, 9.05],
			"rotation": {"angle": 22.5, "axis": "z", "origin": [8.69091, -3.71395, 8]},
			"faces": {
				"north": {"uv": [4.25, 8.25, 4.75, 9.5], "texture": "#0"},
				"east": {"uv": [8.5, 1.25, 9, 2.5], "texture": "#0"},
				"south": {"uv": [8.5, 4.25, 9, 5.5], "texture": "#0"},
				"west": {"uv": [8.5, 5.5, 9, 6.75], "texture": "#0"},
				"up": {"uv": [0.5, 10, 0, 9.5], "texture": "#0"},
				"down": {"uv": [1, 9.5, 0.5, 10], "texture": "#0"}
			}
		},
		{
			"from": [9.24596, -7.26172, 8],
			"to": [16.24596, -4.26172, 8],
			"rotation": {"angle": 0, "axis": "z", "origin": [8.69091, -3.71395, 8]},
			"faces": {
				"north": {"uv": [5.5, 0.75, 7.25, 1.5], "texture": "#0"},
				"east": {"uv": [0, 0, 0, 0.75], "texture": "#0"},
				"south": {"uv": [5.5, 1.5, 7.25, 2.25], "texture": "#0"},
				"west": {"uv": [0, 0, 0, 0.75], "texture": "#0"},
				"up": {"uv": [1.75, 0, 0, 0], "texture": "#0"},
				"down": {"uv": [1.75, 0, 0, 0], "texture": "#0"}
			}
		},
		{
			"from": [9.24596, -9.26172, 7.5],
			"to": [17.24596, -7.26172, 8.5],
			"rotation": {"angle": 0, "axis": "z", "origin": [8.69091, -3.71395, 8]},
			"faces": {
				"north": {"uv": [7, 3.25, 9, 3.75], "texture": "#0"},
				"east": {"uv": [2.25, 6.25, 2.5, 6.75], "texture": "#0"},
				"south": {"uv": [7, 3.75, 9, 4.25], "texture": "#0"},
				"west": {"uv": [3.5, 6.5, 3.75, 7], "texture": "#0"},
				"up": {"uv": [10.5, 3.25, 8.5, 3], "texture": "#0"},
				"down": {"uv": [11, 2, 9, 2.25], "texture": "#0"}
			}
		},
		{
			"from": [7.72818, -8.26921, 7],
			"to": [9.72818, -3.26921, 9],
			"rotation": {"angle": 22.5, "axis": "z", "origin": [8.69091, -3.71395, 8]},
			"faces": {
				"north": {"uv": [7.25, 8, 7.75, 9.25], "texture": "#0"},
				"east": {"uv": [8, 7.5, 8.5, 8.75], "texture": "#0"},
				"south": {"uv": [8.25, 0, 8.75, 1.25], "texture": "#0"},
				"west": {"uv": [3.75, 8.25, 4.25, 9.5], "texture": "#0"},
				"up": {"uv": [9.25, 9.75, 8.75, 9.25], "texture": "#0"},
				"down": {"uv": [9.75, 9.25, 9.25, 9.75], "texture": "#0"}
			}
		},
		{
			"from": [4.33983, 14.61907, 8],
			"to": [7.33983, 22.61907, 8],
			"rotation": {"angle": -45, "axis": "z", "origin": [5.83983, 18.61907, 8]},
			"faces": {
				"north": {"uv": [4.75, 0, 5.5, 2], "texture": "#0"},
				"east": {"uv": [0, 0, 0, 2], "texture": "#0"},
				"south": {"uv": [4.75, 2, 5.5, 4], "texture": "#0"},
				"west": {"uv": [0, 0, 0, 2], "texture": "#0"},
				"up": {"uv": [0.75, 0, 0, 0], "texture": "#0"},
				"down": {"uv": [0.75, 0, 0, 0], "texture": "#0"}
			}
		},
		{
			"from": [3.74264, 13.15933, 7.5],
			"to": [5.74264, 19.15933, 8.5],
			"rotation": {"angle": -45, "axis": "z", "origin": [3.74673, 13.69618, 8]},
			"faces": {
				"north": {"uv": [5.75, 7.25, 6.25, 8.75], "texture": "#0"},
				"east": {"uv": [3.5, 5, 3.75, 6.5], "texture": "#0"},
				"south": {"uv": [6.25, 7.25, 6.75, 8.75], "texture": "#0"},
				"west": {"uv": [3, 9, 3.25, 10.5], "texture": "#0"},
				"up": {"uv": [9.5, 2.5, 9, 2.25], "texture": "#0"},
				"down": {"uv": [2, 9.5, 1.5, 9.75], "texture": "#0"}
			}
		},
		{
			"from": [2.45293, 10.0203, 6.5],
			"to": [6.45293, 12.0203, 9.5],
			"rotation": {"angle": -22.5, "axis": "z", "origin": [4.65293, 11.0203, 8]},
			"faces": {
				"north": {"uv": [7.75, 8.75, 8.75, 9.25], "texture": "#0"},
				"east": {"uv": [7.75, 1.25, 8.5, 1.75], "texture": "#0"},
				"south": {"uv": [8.75, 8.75, 9.75, 9.25], "texture": "#0"},
				"west": {"uv": [9, 3.25, 9.75, 3.75], "texture": "#0"},
				"up": {"uv": [8.5, 2.5, 7.5, 1.75], "texture": "#0"},
				"down": {"uv": [8.5, 2.5, 7.5, 3.25], "texture": "#0"}
			}
		},
		{
			"from": [2.45293, 2.9797, 6.5],
			"to": [6.45293, 4.9797, 9.5],
			"rotation": {"angle": 22.5, "axis": "z", "origin": [4.65293, 3.9797, 8]},
			"faces": {
				"north": {"uv": [0, 9, 1, 9.5], "texture": "#0"},
				"east": {"uv": [9, 3.75, 9.75, 4.25], "texture": "#0"},
				"south": {"uv": [1, 9, 2, 9.5], "texture": "#0"},
				"west": {"uv": [9, 4.25, 9.75, 4.75], "texture": "#0"},
				"up": {"uv": [4.75, 8.25, 3.75, 7.5], "texture": "#0"},
				"down": {"uv": [8.5, 4.25, 7.5, 5], "texture": "#0"}
			}
		},
		{
			"from": [3.65293, -0.0203, 7],
			"to": [5.65293, 3.9797, 9],
			"rotation": {"angle": -22.5, "axis": "z", "origin": [5.65293, 2.9797, 8]},
			"faces": {
				"north": {"uv": [6.25, 8.75, 6.75, 9.75], "texture": "#0"},
				"east": {"uv": [9, 1, 9.5, 2], "texture": "#0"},
				"south": {"uv": [2, 9, 2.5, 10], "texture": "#0"},
				"west": {"uv": [2.5, 9, 3, 10], "texture": "#0"},
				"up": {"uv": [5.25, 9.75, 4.75, 9.25], "texture": "#0"},
				"down": {"uv": [7.75, 9.25, 7.25, 9.75], "texture": "#0"}
			}
		},
		{
			"from": [8.67913, -4.1419, 7.01],
			"to": [10.65913, 3.8381, 8.99],
			"rotation": {"angle": 45, "axis": "z", "origin": [9.13316, -4.84637, 8]},
			"faces": {
				"north": {"uv": [4.75, 6, 5.25, 8], "texture": "#0"},
				"east": {"uv": [6, 5.25, 6.5, 7.25], "texture": "#0"},
				"south": {"uv": [6.5, 3.25, 7, 5.25], "texture": "#0"},
				"west": {"uv": [6.5, 5.25, 7, 7.25], "texture": "#0"},
				"up": {"uv": [8.25, 9.75, 7.75, 9.25], "texture": "#0"},
				"down": {"uv": [8.75, 9.25, 8.25, 9.75], "texture": "#0"}
			}
		},
		{
			"from": [9.66913, -2.1519, 7.5],
			"to": [11.66913, 3.8481, 8.5],
			"rotation": {"angle": 45, "axis": "z", "origin": [9.13316, -4.84637, 8]},
			"faces": {
				"north": {"uv": [7.5, 5, 8, 6.5], "texture": "#0"},
				"east": {"uv": [3.25, 9, 3.5, 10.5], "texture": "#0"},
				"south": {"uv": [7.5, 6.5, 8, 8], "texture": "#0"},
				"west": {"uv": [3.5, 9, 3.75, 10.5], "texture": "#0"},
				"up": {"uv": [10, 1.75, 9.5, 1.5], "texture": "#0"},
				"down": {"uv": [10, 1.75, 9.5, 2], "texture": "#0"}
			}
		},
		{
			"from": [4.33983, -7.61907, 8],
			"to": [7.33983, 0.38093, 8],
			"rotation": {"angle": 45, "axis": "z", "origin": [5.83983, -3.61907, 8]},
			"faces": {
				"north": {"uv": [4.75, 4, 5.5, 6], "texture": "#0"},
				"east": {"uv": [0, 0, 0, 2], "texture": "#0"},
				"south": {"uv": [0, 5, 0.75, 7], "texture": "#0"},
				"west": {"uv": [0, 0, 0, 2], "texture": "#0"},
				"up": {"uv": [0.75, 0, 0, 0], "texture": "#0"},
				"down": {"uv": [0.75, 0, 0, 0], "texture": "#0"}
			}
		},
		{
			"from": [0.95293, 5.4797, 8],
			"to": [15.95293, 10.4797, 8],
			"rotation": {"angle": -45, "axis": "x", "origin": [10.95293, 7.9797, 8]},
			"faces": {
				"north": {"uv": [0, 0, 3.75, 1.25], "texture": "#0"},
				"east": {"uv": [0, 0, 0, 1.25], "texture": "#0"},
				"south": {"uv": [0, 1.25, 3.75, 2.5], "texture": "#0"},
				"west": {"uv": [0, 0, 0, 1.25], "texture": "#0"},
				"up": {"uv": [3.75, 0, 0, 0], "texture": "#0"},
				"down": {"uv": [3.75, 0, 0, 0], "texture": "#0"}
			}
		},
		{
			"from": [8.62913, -4.1919, 6.96],
			"to": [10.70913, 3.8881, 9.04],
			"rotation": {"angle": 45, "axis": "z", "origin": [9.13316, -4.84637, 8]},
			"faces": {
				"north": {"uv": [0, 7, 0.5, 9], "texture": "#0"},
				"east": {"uv": [2.25, 7, 2.75, 9], "texture": "#0"},
				"south": {"uv": [2.75, 7, 3.25, 9], "texture": "#0"},
				"west": {"uv": [3.25, 7, 3.75, 9], "texture": "#0"},
				"up": {"uv": [1.5, 10, 1, 9.5], "texture": "#0"},
				"down": {"uv": [10, 1, 9.5, 1.5], "texture": "#0"}
			}
		},
		{
			"from": [8.62818, -5.86921, 7.9],
			"to": [10.62818, 9.13079, 7.9],
			"rotation": {"angle": -22.5, "axis": "z", "origin": [9.22818, -4.95, 7.9]},
			"faces": {
				"north": {"uv": [4.25, 0, 4.75, 3.75], "texture": "#0"},
				"east": {"uv": [0, 0, 0, 3.75], "texture": "#0"},
				"south": {"uv": [4.25, 3.75, 4.75, 7.5], "texture": "#0"},
				"west": {"uv": [0, 0, 0, 3.75], "texture": "#0"},
				"up": {"uv": [0.5, 0, 0, 0], "texture": "#0"},
				"down": {"uv": [0.5, 0, 0, 0], "texture": "#0"}
			}
		}
	],
	"gui_light": "front",
	"display": {
		"thirdperson_righthand": {
			"rotation": [0, -90, 0],
			"translation": [0, -1.5, 3.75],
			"scale": [0.9, 0.9, 0.9]
		},
		"thirdperson_lefthand": {
			"rotation": [0, 90, 0],
			"translation": [0, -1.5, 3.75],
			"scale": [0.9, 0.9, 0.9]
		},
		"firstperson_righthand": {
			"rotation": [19, -78, 0],
			"translation": [3.75, 4, -3.5],
			"scale": [0.6, 0.6, 0.6]
		},
		"firstperson_lefthand": {
			"rotation": [19, 102, 0],
			"translation": [3.75, 4, -4],
			"scale": [0.6, 0.6, 0.6]
		},
		"ground": {
			"rotation": [-61, -0.58, -24],
			"translation": [0, 0.75, 0],
			"scale": [0.65, 0.65, 0.65]
		},
		"gui": {
			"rotation": [0, 0, -45],
			"translation": [-1.25, 1.25, -0.75],
			"scale": [0.5, 0.5, 0.5]
		},
		"head": {
			"rotation": [0, -90, 0]
		},
		"fixed": {
			"translation": [0, 0, -0.75],
			"scale": [0.5, 0.5, 0.5]
		}
	},
	"groups": [
		{
			"name": "3",
			"origin": [8, 8, 8],
			"color": 0,
			"children": [0, 1, 2, 3, 4, 5, 6, 7, 8, 9, 10, 11, 12, 13, 14, 15, 16, 17, 18, 19, 20, 21, 22, 23, 24]
		}
	]
}