{
	"credit": "Made with Blockbench",
	"textures": {
		"0": "item/mjolnir"
	},
	"elements": [
		{
			"from": [7, 0, 7],
			"to": [9, 14, 9],
			"rotation": {"angle": 0, "axis": "y", "origin": [8, 8, 8]},
			"faces": {
				"north": {"uv": [3.5, 3.5, 4, 7], "texture": "#0"},
				"east": {"uv": [4, 3.5, 4.5, 7], "texture": "#0"},
				"south": {"uv": [4.5, 3.5, 5, 7], "texture": "#0"},
				"west": {"uv": [5, 3.5, 5.5, 7], "texture": "#0"},
				"up": {"uv": [7, 3.25, 6.5, 2.75], "texture": "#0"},
				"down": {"uv": [2.5, 6.75, 2, 7.25], "texture": "#0"}
			}
		},
		{
			"from": [6.95, -0.05, 6.95],
			"to": [9.05, 14.05, 9.05],
			"rotation": {"angle": 0, "axis": "y", "origin": [8, 8, 8]},
			"faces": {
				"north": {"uv": [0, 5.25, 0.5, 8.75], "texture": "#0"},
				"east": {"uv": [0.5, 5.25, 1, 8.75], "texture": "#0"},
				"south": {"uv": [1, 5.25, 1.5, 8.75], "texture": "#0"},
				"west": {"uv": [1.5, 5.25, 2, 8.75], "texture": "#0"},
				"up": {"uv": [3, 7.25, 2.5, 6.75], "texture": "#0"},
				"down": {"uv": [3.5, 6.75, 3, 7.25], "texture": "#0"}
			}
		},
		{
			"from": [6.5, 9, 6.5],
			"to": [9.5, 11, 9.5],
			"rotation": {"angle": 0, "axis": "y", "origin": [8, 8, 8]},
			"faces": {
				"north": {"uv": [6.5, 0.75, 7.25, 1.25], "texture": "#0"},
				"east": {"uv": [6.5, 1.25, 7.25, 1.75], "texture": "#0"},
				"south": {"uv": [6.5, 1.75, 7.25, 2.25], "texture": "#0"},
				"west": {"uv": [6.5, 2.25, 7.25, 2.75], "texture": "#0"},
				"up": {"uv": [7, 5.5, 6.25, 4.75], "texture": "#0"},
				"down": {"uv": [7, 5.5, 6.25, 6.25], "texture": "#0"}
			}
		},
		{
			"from": [6.5, -5, 6.5],
			"to": [9.5, 0, 9.5],
			"rotation": {"angle": 0, "axis": "y", "origin": [8, 8, 8]},
			"faces": {
				"north": {"uv": [5.5, 3.5, 6.25, 4.75], "texture": "#0"},
				"east": {"uv": [5.5, 4.75, 6.25, 6], "texture": "#0"},
				"south": {"uv": [5.5, 6, 6.25, 7.25], "texture": "#0"},
				"west": {"uv": [6.25, 3.5, 7, 4.75], "texture": "#0"},
				"up": {"uv": [7, 7, 6.25, 6.25], "texture": "#0"},
				"down": {"uv": [7.25, 0, 6.5, 0.75], "texture": "#0"}
			}
		},
		{
			"from": [6.5, -9, 8],
			"to": [9.5, -3, 8],
			"rotation": {"angle": 0, "axis": "y", "origin": [8, 8, 8]},
			"faces": {
				"north": {"uv": [2, 5.25, 2.75, 6.75], "texture": "#0"},
				"east": {"uv": [0, 0, 0, 1.5], "texture": "#0"},
				"south": {"uv": [2.75, 5.25, 3.5, 6.75], "texture": "#0"},
				"west": {"uv": [0, 0, 0, 1.5], "texture": "#0"},
				"up": {"uv": [0.75, 0, 0, 0], "texture": "#0"},
				"down": {"uv": [0.75, 0, 0, 0], "texture": "#0"}
			}
		},
		{
			"from": [1.5, 12, 4.5],
			"to": [14.5, 19, 11.5],
			"rotation": {"angle": 0, "axis": "y", "origin": [8, 8, 8]},
			"faces": {
				"north": {"uv": [0, 0, 3.25, 1.75], "texture": "#0"},
				"east": {"uv": [0, 3.5, 1.75, 5.25], "texture": "#0"},
				"south": {"uv": [0, 1.75, 3.25, 3.5], "texture": "#0"},
				"west": {"uv": [1.75, 3.5, 3.5, 5.25], "texture": "#0"},
				"up": {"uv": [6.5, 1.75, 3.25, 0], "texture": "#0"},
				"down": {"uv": [6.5, 1.75, 3.25, 3.5], "texture": "#0"}
			}
		}
	],
	"gui_light": "front",
	"display": {
		"thirdperson_righthand": {
			"rotation": [0, 90, 0],
			"translation": [0, 0.75, 0.75],
			"scale": [0.8, 0.8, 0.8]
		},
		"thirdperson_lefthand": {
			"rotation": [0, 90, 0],
			"translation": [0, 0.75, 0.75],
			"scale": [0.8, 0.8, 0.8]
		},
		"firstperson_righthand": {
			"rotation": [11, 90, 0],
			"translation": [1.5, 2.25, 0.75],
			"scale": [0.65, 0.65, 0.65]
		},
		"firstperson_lefthand": {
			"rotation": [11, 90, 0],
			"translation": [1.5, 2.25, 0.75],
			"scale": [0.65, 0.65, 0.65]
		},
		"ground": {
			"rotation": [67, 24, 0],
			"translation": [0, 2.25, 0],
			"scale": [0.65, 0.65, 0.65]
		},
		"gui": {
			"rotation": [0, 0, -45],
			"translation": [0, 0, -0.75],
			"scale": [0.65, 0.65, 0.65]
		},
		"head": {
			"translation": [0, 6, 0],
			"scale": [1.3, 1.3, 1.3]
		},
		"fixed": {
			"translation": [0, 0.75, -0.75],
			"scale": [0.65, 0.65, 0.65]
		}
	},
	"groups": [
		{
			"name": "mjolnir",
			"origin": [8, 8, 8],
			"color": 0,
			"children": [0, 1, 2, 3, 4, 5]
		}
	]
}