{
	"credit": "Made with Blockbench",
	"texture_size": [64, 64],
	"textures": {
		"0": "item/burger",
		"particle": "item/burger"
	},
	"elements": [
		{
			"from": [9, 8, 3.5],
			"to": [11.25, 10, 6],
			"rotation": {"angle": -22.5, "axis": "y", "origin": [8, 9, 7]},
			"faces": {
				"north": {"uv": [7, 2.25, 7.625, 2.75], "texture": "#0"},
				"east": {"uv": [2.75, 7, 3.375, 7.5], "texture": "#0"},
				"south": {"uv": [7, 2.75, 7.625, 3.25], "texture": "#0"},
				"west": {"uv": [7, 4.75, 7.625, 5.25], "texture": "#0"},
				"up": {"uv": [3.875, 6.125, 3.25, 5.5], "texture": "#0"},
				"down": {"uv": [4.625, 5.5, 4, 6.125], "texture": "#0"}
			}
		},
		{
			"from": [9, 8, 8],
			"to": [11.25, 10, 10.5],
			"rotation": {"angle": -22.5, "axis": "y", "origin": [8, 9, 7]},
			"faces": {
				"north": {"uv": [5, 7, 5.625, 7.5], "texture": "#0"},
				"east": {"uv": [7.25, 3.75, 7.875, 4.25], "texture": "#0"},
				"south": {"uv": [4.25, 7.25, 4.875, 7.75], "texture": "#0"},
				"west": {"uv": [7.25, 6, 7.875, 6.5], "texture": "#0"},
				"up": {"uv": [5.375, 6.125, 4.75, 5.5], "texture": "#0"},
				"down": {"uv": [6.125, 5.5, 5.5, 6.125], "texture": "#0"}
			}
		},
		{
			"from": [4, 8, 6],
			"to": [12, 10, 8],
			"rotation": {"angle": -22.5, "axis": "y", "origin": [8, 9, 7]},
			"faces": {
				"north": {"uv": [3.25, 3.5, 5.25, 4], "texture": "#0"},
				"east": {"uv": [3.75, 7.5, 4.25, 8], "texture": "#0"},
				"south": {"uv": [3.25, 4, 5.25, 4.5], "texture": "#0"},
				"west": {"uv": [7.75, 1.75, 8.25, 2.25], "texture": "#0"},
				"up": {"uv": [5.25, 5, 3.25, 4.5], "texture": "#0"},
				"down": {"uv": [3.75, 5, 1.75, 5.5], "texture": "#0"}
			}
		},
		{
			"from": [7, 8, 3],
			"to": [9, 10, 6],
			"rotation": {"angle": -22.5, "axis": "y", "origin": [8, 9, 7]},
			"faces": {
				"north": {"uv": [7.75, 2.25, 8.25, 2.75], "texture": "#0"},
				"east": {"uv": [3.75, 6.25, 4.5, 6.75], "texture": "#0"},
				"south": {"uv": [7.75, 2.75, 8.25, 3.25], "texture": "#0"},
				"west": {"uv": [4.5, 6.25, 5.25, 6.75], "texture": "#0"},
				"up": {"uv": [5.75, 7, 5.25, 6.25], "texture": "#0"},
				"down": {"uv": [6.75, 5.5, 6.25, 6.25], "texture": "#0"}
			}
		},
		{
			"from": [7, 8, 8],
			"to": [9, 10, 11],
			"rotation": {"angle": -22.5, "axis": "y", "origin": [8, 9, 7]},
			"faces": {
				"north": {"uv": [4.25, 7.75, 4.75, 8.25], "texture": "#0"},
				"east": {"uv": [5.75, 6.25, 6.5, 6.75], "texture": "#0"},
				"south": {"uv": [7.75, 4.75, 8.25, 5.25], "texture": "#0"},
				"west": {"uv": [0, 6.5, 0.75, 7], "texture": "#0"},
				"up": {"uv": [1.25, 7.25, 0.75, 6.5], "texture": "#0"},
				"down": {"uv": [7, 4.75, 6.5, 5.5], "texture": "#0"}
			}
		},
		{
			"from": [4.75, 8, 8],
			"to": [7, 10, 10.5],
			"rotation": {"angle": -22.5, "axis": "y", "origin": [8, 9, 7]},
			"faces": {
				"north": {"uv": [6.75, 6.75, 7.375, 7.25], "texture": "#0"},
				"east": {"uv": [0, 7, 0.625, 7.5], "texture": "#0"},
				"south": {"uv": [7, 0, 7.625, 0.5], "texture": "#0"},
				"west": {"uv": [7, 0.5, 7.625, 1], "texture": "#0"},
				"up": {"uv": [5.875, 3.875, 5.25, 3.25], "texture": "#0"},
				"down": {"uv": [5.875, 4, 5.25, 4.625], "texture": "#0"}
			}
		},
		{
			"from": [4.75, 8, 3.5],
			"to": [7, 10, 6],
			"rotation": {"angle": -22.5, "axis": "y", "origin": [8, 9, 7]},
			"faces": {
				"north": {"uv": [7, 1, 7.625, 1.5], "texture": "#0"},
				"east": {"uv": [1.25, 7, 1.875, 7.5], "texture": "#0"},
				"south": {"uv": [7, 1.75, 7.625, 2.25], "texture": "#0"},
				"west": {"uv": [2, 7, 2.625, 7.5], "texture": "#0"},
				"up": {"uv": [2.375, 6.125, 1.75, 5.5], "texture": "#0"},
				"down": {"uv": [3.125, 5.5, 2.5, 6.125], "texture": "#0"}
			}
		},
		{
			"from": [4.5, 11.5, 3.67157],
			"to": [11.5, 12, 10.67157],
			"rotation": {"angle": 22.5, "axis": "y", "origin": [8, 12.25, 7.17157]},
			"faces": {
				"north": {"uv": [7.25, 4.25, 9, 4.375], "texture": "#0"},
				"east": {"uv": [7.5, 5.75, 9.25, 5.875], "texture": "#0"},
				"south": {"uv": [2, 8, 3.75, 8.125], "texture": "#0"},
				"west": {"uv": [8, 3.75, 9.75, 3.875], "texture": "#0"},
				"up": {"uv": [3.5, 1.75, 1.75, 0], "texture": "#0"},
				"down": {"uv": [3.5, 1.75, 1.75, 3.5], "texture": "#0"}
			}
		},
		{
			"from": [6.5, 10, 4.5],
			"to": [13.5, 11.5, 11.5],
			"rotation": {"angle": 45, "axis": "y", "origin": [8, 11, 10]},
			"faces": {
				"north": {"uv": [0, 5.25, 1.75, 5.625], "texture": "#0"},
				"east": {"uv": [5.25, 0, 7, 0.375], "texture": "#0"},
				"south": {"uv": [5.25, 0.5, 7, 0.875], "texture": "#0"},
				"west": {"uv": [5.25, 1, 7, 1.375], "texture": "#0"},
				"up": {"uv": [1.75, 1.75, 0, 0], "texture": "#0"},
				"down": {"uv": [1.75, 1.75, 0, 3.5], "texture": "#0"}
			}
		},
		{
			"from": [4.5625, 12, 3.73407],
			"to": [11.5625, 12.375, 10.73407],
			"rotation": {"angle": -22.5, "axis": "y", "origin": [8, 12.75, 7.17157]},
			"faces": {
				"north": {"uv": [8, 4, 9.75, 4.125], "texture": "#0"},
				"east": {"uv": [4.75, 8, 6.5, 8.125], "texture": "#0"},
				"south": {"uv": [8, 6, 9.75, 6.125], "texture": "#0"},
				"west": {"uv": [8, 6.25, 9.75, 6.375], "texture": "#0"},
				"up": {"uv": [1.75, 5.25, 0, 3.5], "texture": "#0"},
				"down": {"uv": [5.25, 0, 3.5, 1.75], "texture": "#0"}
			}
		},
		{
			"from": [9, 12.375, 3.5],
			"to": [11.25, 14.375, 6],
			"faces": {
				"north": {"uv": [6.75, 7.25, 7.375, 7.75], "texture": "#0"},
				"east": {"uv": [0, 7.5, 0.625, 8], "texture": "#0"},
				"south": {"uv": [0.75, 7.5, 1.375, 8], "texture": "#0"},
				"west": {"uv": [1.5, 7.5, 2.125, 8], "texture": "#0"},
				"up": {"uv": [0.625, 6.375, 0, 5.75], "texture": "#0"},
				"down": {"uv": [1.375, 5.75, 0.75, 6.375], "texture": "#0"}
			}
		},
		{
			"from": [9, 12.375, 8],
			"to": [11.25, 14.375, 10.5],
			"faces": {
				"north": {"uv": [2.25, 7.5, 2.875, 8], "texture": "#0"},
				"east": {"uv": [3, 7.5, 3.625, 8], "texture": "#0"},
				"south": {"uv": [7.5, 3.25, 8.125, 3.75], "texture": "#0"},
				"west": {"uv": [5, 7.5, 5.625, 8], "texture": "#0"},
				"up": {"uv": [6.375, 5.375, 5.75, 4.75], "texture": "#0"},
				"down": {"uv": [6.625, 3.25, 6, 3.875], "texture": "#0"}
			}
		},
		{
			"from": [4, 12.375, 6],
			"to": [12, 14.375, 8],
			"faces": {
				"north": {"uv": [5, 1.75, 7, 2.25], "texture": "#0"},
				"east": {"uv": [6.5, 7.75, 7, 8.25], "texture": "#0"},
				"south": {"uv": [5, 2.25, 7, 2.75], "texture": "#0"},
				"west": {"uv": [7, 7.75, 7.5, 8.25], "texture": "#0"},
				"up": {"uv": [7, 3.25, 5, 2.75], "texture": "#0"},
				"down": {"uv": [5.75, 5, 3.75, 5.5], "texture": "#0"}
			}
		},
		{
			"from": [7, 12.375, 3],
			"to": [9, 14.375, 6],
			"faces": {
				"north": {"uv": [0, 8, 0.5, 8.5], "texture": "#0"},
				"east": {"uv": [6.5, 6.25, 7.25, 6.75], "texture": "#0"},
				"south": {"uv": [0.5, 8, 1, 8.5], "texture": "#0"},
				"west": {"uv": [6.75, 3.25, 7.5, 3.75], "texture": "#0"},
				"up": {"uv": [4.25, 7.5, 3.75, 6.75], "texture": "#0"},
				"down": {"uv": [7.25, 3.75, 6.75, 4.5], "texture": "#0"}
			}
		},
		{
			"from": [7, 12.375, 8],
			"to": [9, 14.375, 11],
			"faces": {
				"north": {"uv": [1, 8, 1.5, 8.5], "texture": "#0"},
				"east": {"uv": [4.25, 6.75, 5, 7.25], "texture": "#0"},
				"south": {"uv": [1.5, 8, 2, 8.5], "texture": "#0"},
				"west": {"uv": [6.75, 5.5, 7.5, 6], "texture": "#0"},
				"up": {"uv": [6.25, 7.5, 5.75, 6.75], "texture": "#0"},
				"down": {"uv": [6.75, 6.75, 6.25, 7.5], "texture": "#0"}
			}
		},
		{
			"from": [4.75, 12.375, 8],
			"to": [7, 14.375, 10.5],
			"faces": {
				"north": {"uv": [7.5, 5.25, 8.125, 5.75], "texture": "#0"},
				"east": {"uv": [5.75, 7.5, 6.375, 8], "texture": "#0"},
				"south": {"uv": [7.5, 6.5, 8.125, 7], "texture": "#0"},
				"west": {"uv": [7.5, 7, 8.125, 7.5], "texture": "#0"},
				"up": {"uv": [6.625, 4.625, 6, 4], "texture": "#0"},
				"down": {"uv": [2.125, 6.25, 1.5, 6.875], "texture": "#0"}
			}
		},
		{
			"from": [4.75, 12.375, 3.5],
			"to": [7, 14.375, 6],
			"faces": {
				"north": {"uv": [7.5, 7.5, 8.125, 8], "texture": "#0"},
				"east": {"uv": [7.75, 0, 8.375, 0.5], "texture": "#0"},
				"south": {"uv": [7.75, 0.5, 8.375, 1], "texture": "#0"},
				"west": {"uv": [7.75, 1, 8.375, 1.5], "texture": "#0"},
				"up": {"uv": [2.875, 6.875, 2.25, 6.25], "texture": "#0"},
				"down": {"uv": [3.625, 6.25, 3, 6.875], "texture": "#0"}
			}
		},
		{
			"from": [5.25, 14.375, 4.25],
			"to": [10.75, 15.125, 9.75],
			"faces": {
				"north": {"uv": [3.5, 3.25, 4.875, 3.5], "texture": "#0"},
				"east": {"uv": [5.25, 1.5, 6.625, 1.75], "texture": "#0"},
				"south": {"uv": [6.75, 1.5, 8.125, 1.75], "texture": "#0"},
				"west": {"uv": [6.75, 4.5, 8.125, 4.75], "texture": "#0"},
				"up": {"uv": [3.125, 4.875, 1.75, 3.5], "texture": "#0"},
				"down": {"uv": [4.875, 1.75, 3.5, 3.125], "texture": "#0"}
			}
		}
	],
	"display": {
		"thirdperson_righthand": {
			"scale": [0.99, 1, 1]
		},
		"ground": {
			"translation": [0, -3.75, 0]
		},
		"gui": {
			"translation": [0, -4.5, 0],
			"scale": [1.37, 1.32, 1]
		},
		"head": {
			"translation": [0, 6.5, 0],
			"scale": [4, 4, 4]
		},
		"fixed": {
			"translation": [0, -4.25, 0],
			"scale": [1.37, 1.39, 1]
		}
	},
	"groups": [
		{
			"name": "bottom bun",
			"origin": [0, 0, 0],
			"color": 1,
			"children": [0, 1, 2, 3, 4, 5, 6]
		},
		{
			"name": "group",
			"origin": [8, 8, 8],
			"color": 0,
			"children": [7, 8, 9]
		},
		{
			"name": "top bun",
			"origin": [0, 0, 0],
			"color": 1,
			"children": [10, 11, 12, 13, 14, 15, 16, 17]
		}
	]
}