{
	"credit": "Made with Blockbench",
	"texture_size": [32, 32],
	"textures": {
		"0": "item/french_fries",
		"particle": "item/french_fries"
	},
	"elements": [
		{
			"from": [6, 9.5, 7],
			"to": [10, 12.75, 7.5],
			"rotation": {"angle": 0, "axis": "y", "origin": [8, 10.5, 9]},
			"faces": {
				"north": {"uv": [2, 0, 4, 1.75], "texture": "#0"},
				"east": {"uv": [8.5, 0, 8.75, 1.75], "texture": "#0"},
				"south": {"uv": [2, 2, 4, 3.75], "texture": "#0"},
				"west": {"uv": [8.5, 2, 8.75, 3.75], "texture": "#0"},
				"up": {"uv": [6.5, 8.25, 4.5, 8], "texture": "#0"},
				"down": {"uv": [10, 6, 8, 6.25], "texture": "#0"}
			}
		},
		{
			"from": [6, 7.5, 7],
			"to": [10, 9.5, 11],
			"faces": {
				"north": {"uv": [2, 4, 4, 5], "texture": "#0"},
				"east": {"uv": [4, 2, 6, 3], "texture": "#0"},
				"south": {"uv": [4, 3, 6, 4], "texture": "#0"},
				"west": {"uv": [4, 4, 6, 5], "texture": "#0"},
				"up": {"uv": [2, 2, 0, 0], "texture": "#0"},
				"down": {"uv": [2, 2, 0, 4], "texture": "#0"}
			}
		},
		{
			"from": [6, 9.5, 7.5],
			"to": [6.5, 11.5, 10.5],
			"faces": {
				"north": {"uv": [6, 4, 6.25, 5], "texture": "#0"},
				"east": {"uv": [2, 5, 3.5, 6], "texture": "#0"},
				"south": {"uv": [8, 7, 8.25, 8], "texture": "#0"},
				"west": {"uv": [3.5, 5, 5, 6], "texture": "#0"},
				"up": {"uv": [5.25, 10, 5, 8.5], "texture": "#0"},
				"down": {"uv": [5.75, 8.5, 5.5, 10], "texture": "#0"}
			}
		},
		{
			"from": [9.5, 9.5, 7.5],
			"to": [10, 11.5, 10.5],
			"faces": {
				"north": {"uv": [7, 8.5, 7.25, 9.5], "texture": "#0"},
				"east": {"uv": [5, 5, 6.5, 6], "texture": "#0"},
				"south": {"uv": [8.5, 7, 8.75, 8], "texture": "#0"},
				"west": {"uv": [0, 6, 1.5, 7], "texture": "#0"},
				"up": {"uv": [6.25, 10, 6, 8.5], "texture": "#0"},
				"down": {"uv": [6.75, 8.5, 6.5, 10], "texture": "#0"}
			}
		},
		{
			"from": [6, 9.5, 10.5],
			"to": [10, 12.75, 11],
			"rotation": {"angle": 0, "axis": "y", "origin": [8, 10.5, 9]},
			"faces": {
				"north": {"uv": [0, 4, 2, 5.75], "texture": "#0"},
				"east": {"uv": [8.5, 4, 8.75, 5.75], "texture": "#0"},
				"south": {"uv": [4, 0, 6, 1.75], "texture": "#0"},
				"west": {"uv": [4.5, 8.5, 4.75, 10.25], "texture": "#0"},
				"up": {"uv": [8.5, 8.25, 6.5, 8], "texture": "#0"},
				"down": {"uv": [10, 6.5, 8, 6.75], "texture": "#0"}
			}
		},
		{
			"from": [7.5, 10, 7.5],
			"to": [8.25, 14, 8.25],
			"faces": {
				"north": {"uv": [6, 0, 6.5, 2], "texture": "#0"},
				"east": {"uv": [1.5, 6, 2, 8], "texture": "#0"},
				"south": {"uv": [2, 6, 2.5, 8], "texture": "#0"},
				"west": {"uv": [6, 2, 6.5, 4], "texture": "#0"},
				"up": {"uv": [8, 9, 7.5, 8.5], "texture": "#0"},
				"down": {"uv": [8.5, 8.5, 8, 9], "texture": "#0"}
			}
		},
		{
			"from": [7.5, 10.25, 8.5],
			"to": [8.25, 14.25, 9.25],
			"faces": {
				"north": {"uv": [2.5, 6, 3, 8], "texture": "#0"},
				"east": {"uv": [3, 6, 3.5, 8], "texture": "#0"},
				"south": {"uv": [3.5, 6, 4, 8], "texture": "#0"},
				"west": {"uv": [4, 6, 4.5, 8], "texture": "#0"},
				"up": {"uv": [9, 8.5, 8.5, 8], "texture": "#0"},
				"down": {"uv": [9, 8.5, 8.5, 9], "texture": "#0"}
			}
		},
		{
			"from": [6.5, 9.5, 7.5],
			"to": [7.25, 13.5, 8.25],
			"faces": {
				"north": {"uv": [4.5, 6, 5, 8], "texture": "#0"},
				"east": {"uv": [5, 6, 5.5, 8], "texture": "#0"},
				"south": {"uv": [5.5, 6, 6, 8], "texture": "#0"},
				"west": {"uv": [6, 6, 6.5, 8], "texture": "#0"},
				"up": {"uv": [0.5, 9.5, 0, 9], "texture": "#0"},
				"down": {"uv": [9.5, 0, 9, 0.5], "texture": "#0"}
			}
		},
		{
			"from": [6.5, 10, 8.5],
			"to": [7.25, 14, 9.25],
			"faces": {
				"north": {"uv": [6.5, 0, 7, 2], "texture": "#0"},
				"east": {"uv": [6.5, 2, 7, 4], "texture": "#0"},
				"south": {"uv": [6.5, 4, 7, 6], "texture": "#0"},
				"west": {"uv": [6.5, 6, 7, 8], "texture": "#0"},
				"up": {"uv": [1, 9.5, 0.5, 9], "texture": "#0"},
				"down": {"uv": [9.5, 0.5, 9, 1], "texture": "#0"}
			}
		},
		{
			"from": [8.5, 9.75, 7.5],
			"to": [9.25, 13.75, 8.25],
			"faces": {
				"north": {"uv": [0, 7, 0.5, 9], "texture": "#0"},
				"east": {"uv": [7, 0, 7.5, 2], "texture": "#0"},
				"south": {"uv": [0.5, 7, 1, 9], "texture": "#0"},
				"west": {"uv": [1, 7, 1.5, 9], "texture": "#0"},
				"up": {"uv": [1.5, 9.5, 1, 9], "texture": "#0"},
				"down": {"uv": [9.5, 1, 9, 1.5], "texture": "#0"}
			}
		},
		{
			"from": [8.5, 10, 8.5],
			"to": [9.25, 14, 9.25],
			"faces": {
				"north": {"uv": [7, 2, 7.5, 4], "texture": "#0"},
				"east": {"uv": [7, 4, 7.5, 6], "texture": "#0"},
				"south": {"uv": [7, 6, 7.5, 8], "texture": "#0"},
				"west": {"uv": [7.5, 0, 8, 2], "texture": "#0"},
				"up": {"uv": [9.5, 2, 9, 1.5], "texture": "#0"},
				"down": {"uv": [9.5, 2, 9, 2.5], "texture": "#0"}
			}
		},
		{
			"from": [6.5, 9.75, 9.5],
			"to": [7.25, 13.75, 10.25],
			"faces": {
				"north": {"uv": [7.5, 2, 8, 4], "texture": "#0"},
				"east": {"uv": [7.5, 4, 8, 6], "texture": "#0"},
				"south": {"uv": [7.5, 6, 8, 8], "texture": "#0"},
				"west": {"uv": [8, 0, 8.5, 2], "texture": "#0"},
				"up": {"uv": [9.5, 3, 9, 2.5], "texture": "#0"},
				"down": {"uv": [9.5, 3, 9, 3.5], "texture": "#0"}
			}
		},
		{
			"from": [8.5, 10, 9.5],
			"to": [9.25, 14, 10.25],
			"faces": {
				"north": {"uv": [1.5, 8, 2, 10], "texture": "#0"},
				"east": {"uv": [2, 8, 2.5, 10], "texture": "#0"},
				"south": {"uv": [8, 2, 8.5, 4], "texture": "#0"},
				"west": {"uv": [2.5, 8, 3, 10], "texture": "#0"},
				"up": {"uv": [9.5, 4, 9, 3.5], "texture": "#0"},
				"down": {"uv": [9.5, 4, 9, 4.5], "texture": "#0"}
			}
		},
		{
			"from": [7.5, 10.25, 9.5],
			"to": [8.25, 14.25, 10.25],
			"faces": {
				"north": {"uv": [3, 8, 3.5, 10], "texture": "#0"},
				"east": {"uv": [3.5, 8, 4, 10], "texture": "#0"},
				"south": {"uv": [4, 8, 4.5, 10], "texture": "#0"},
				"west": {"uv": [8, 4, 8.5, 6], "texture": "#0"},
				"up": {"uv": [9.5, 5, 9, 4.5], "texture": "#0"},
				"down": {"uv": [9.5, 5, 9, 5.5], "texture": "#0"}
			}
		}
	],
	"display": {
		"thirdperson_righthand": {
			"scale": [1.23, 1.05, 1.21]
		},
		"firstperson_righthand": {
			"rotation": [0, -5, 0],
			"translation": [0.75, 0, 0]
		},
		"ground": {
			"translation": [0, -2.75, 0]
		},
		"gui": {
			"rotation": [0, -42, 0],
			"translation": [1, -5, 0],
			"scale": [1.87, 1.82, 1.78]
		},
		"head": {
			"translation": [0, 7, 0]
		},
		"fixed": {
			"rotation": [0, -91, 0],
			"translation": [1, -2.25, 0],
			"scale": [1.12, 1.17, 1.34]
		}
	},
	"groups": [
		{
			"name": "Base",
			"origin": [8, 10.5, 9],
			"color": 3,
			"children": [0, 1, 2, 3, 4]
		},
		{
			"name": "Fries",
			"origin": [8, 8, 8],
			"color": 1,
			"children": [5, 6, 7, 8, 9, 10, 11, 12, 13]
		}
	]
}