{
	"credit": "Made with Blockbench",
	"texture_size": [64, 64],
	"textures": {
		"1": "item/kfc_bucket"
	},
	"elements": [
		{
			"from": [7, 9, 9],
			"to": [8, 10, 10],
			"rotation": {"angle": 0, "axis": "y", "origin": [7.5, 0.5, 7.5]},
			"faces": {
				"north": {"uv": [8, 5.25, 8.25, 5.5], "texture": "#1"},
				"east": {"uv": [13, 2, 13.25, 2.25], "texture": "#1"},
				"south": {"uv": [13, 2.5, 13.25, 2.75], "texture": "#1"},
				"west": {"uv": [13.25, 5, 13.5, 5.25], "texture": "#1"},
				"up": {"uv": [8, 15, 7.75, 14.75], "texture": "#1"},
				"down": {"uv": [8.25, 14.75, 8, 15], "texture": "#1"}
			}
		},
		{
			"from": [8, 9, 9],
			"to": [13.5, 10, 10],
			"rotation": {"angle": 0, "axis": "y", "origin": [7.5, 0.5, 7.5]},
			"faces": {
				"north": {"uv": [6.5, 5.25, 7.875, 5.5], "texture": "#1"},
				"east": {"uv": [14.75, 8, 15, 8.25], "texture": "#1"},
				"south": {"uv": [9.75, 2.25, 11.125, 2.5], "texture": "#1"},
				"west": {"uv": [8.25, 14.75, 8.5, 15], "texture": "#1"},
				"up": {"uv": [12.625, 2.5, 11.25, 2.25], "texture": "#1"},
				"down": {"uv": [7.375, 11.75, 6, 12], "texture": "#1"}
			}
		},
		{
			"from": [7, 9, 10],
			"to": [8, 10, 15.5],
			"rotation": {"angle": 0, "axis": "y", "origin": [7.5, 0.5, 7.5]},
			"faces": {
				"north": {"uv": [14.75, 8.25, 15, 8.5], "texture": "#1"},
				"east": {"uv": [0, 12, 1.375, 12.25], "texture": "#1"},
				"south": {"uv": [8.5, 14.75, 8.75, 15], "texture": "#1"},
				"west": {"uv": [1.5, 12, 2.875, 12.25], "texture": "#1"},
				"up": {"uv": [8.25, 12.875, 8, 11.5], "texture": "#1"},
				"down": {"uv": [7.75, 11.75, 7.5, 13.125], "texture": "#1"}
			}
		},
		{
			"from": [7, 9, 3.5],
			"to": [8, 10, 9],
			"rotation": {"angle": 0, "axis": "y", "origin": [7.5, 0.5, 7.5]},
			"faces": {
				"north": {"uv": [14.75, 8.5, 15, 8.75], "texture": "#1"},
				"east": {"uv": [12, 5.25, 13.375, 5.5], "texture": "#1"},
				"south": {"uv": [8.75, 14.75, 9, 15], "texture": "#1"},
				"west": {"uv": [12, 5.5, 13.375, 5.75], "texture": "#1"},
				"up": {"uv": [8, 13.125, 7.75, 11.75], "texture": "#1"},
				"down": {"uv": [9.75, 11.75, 9.5, 13.125], "texture": "#1"}
			}
		},
		{
			"from": [1.5, 9, 9],
			"to": [7, 10, 10],
			"rotation": {"angle": 0, "axis": "y", "origin": [7.5, 0.5, 7.5]},
			"faces": {
				"north": {"uv": [12, 5.75, 13.375, 6], "texture": "#1"},
				"east": {"uv": [14.75, 8.75, 15, 9], "texture": "#1"},
				"south": {"uv": [6, 12, 7.375, 12.25], "texture": "#1"},
				"west": {"uv": [9, 14.75, 9.25, 15], "texture": "#1"},
				"up": {"uv": [13.375, 6.25, 12, 6], "texture": "#1"},
				"down": {"uv": [13.375, 6.25, 12, 6.5], "texture": "#1"}
			}
		},
		{
			"from": [2, 9, 4],
			"to": [7, 10, 9],
			"faces": {
				"north": {"uv": [12, 6.5, 13.25, 6.75], "texture": "#1"},
				"east": {"uv": [12, 6.75, 13.25, 7], "texture": "#1"},
				"south": {"uv": [12, 7, 13.25, 7.25], "texture": "#1"},
				"west": {"uv": [12, 7.25, 13.25, 7.5], "texture": "#1"},
				"up": {"uv": [7.75, 4, 6.5, 2.75], "texture": "#1"},
				"down": {"uv": [7.75, 4, 6.5, 5.25], "texture": "#1"}
			}
		},
		{
			"from": [8, 9, 4],
			"to": [13, 10, 9],
			"faces": {
				"north": {"uv": [12, 7.5, 13.25, 7.75], "texture": "#1"},
				"east": {"uv": [12, 7.75, 13.25, 8], "texture": "#1"},
				"south": {"uv": [12, 8, 13.25, 8.25], "texture": "#1"},
				"west": {"uv": [12, 8.25, 13.25, 8.5], "texture": "#1"},
				"up": {"uv": [9, 4, 7.75, 2.75], "texture": "#1"},
				"down": {"uv": [9, 4, 7.75, 5.25], "texture": "#1"}
			}
		},
		{
			"from": [2, 9, 10],
			"to": [7, 10, 15],
			"faces": {
				"north": {"uv": [12, 9.5, 13.25, 9.75], "texture": "#1"},
				"east": {"uv": [12, 9.75, 13.25, 10], "texture": "#1"},
				"south": {"uv": [12, 10, 13.25, 10.25], "texture": "#1"},
				"west": {"uv": [12, 10.25, 13.25, 10.5], "texture": "#1"},
				"up": {"uv": [3.75, 9.5, 2.5, 8.25], "texture": "#1"},
				"down": {"uv": [5, 8.25, 3.75, 9.5], "texture": "#1"}
			}
		},
		{
			"from": [8, 9, 10],
			"to": [13, 10, 15],
			"faces": {
				"north": {"uv": [12, 8.5, 13.25, 8.75], "texture": "#1"},
				"east": {"uv": [12, 8.75, 13.25, 9], "texture": "#1"},
				"south": {"uv": [12, 9, 13.25, 9.25], "texture": "#1"},
				"west": {"uv": [12, 9.25, 13.25, 9.5], "texture": "#1"},
				"up": {"uv": [1.25, 9.5, 0, 8.25], "texture": "#1"},
				"down": {"uv": [2.5, 8.25, 1.25, 9.5], "texture": "#1"}
			}
		},
		{
			"from": [1, 10, 3],
			"to": [14, 21, 4],
			"rotation": {"angle": 0, "axis": "y", "origin": [7.5, 0.5, 7.5]},
			"faces": {
				"north": {"uv": [3.25, 0, 6.5, 2.75], "texture": "#1"},
				"east": {"uv": [10.25, 8, 10.5, 10.75], "texture": "#1"},
				"south": {"uv": [3.25, 2.75, 6.5, 5.5], "texture": "#1"},
				"west": {"uv": [8.25, 10.25, 8.5, 13], "texture": "#1"},
				"up": {"uv": [13, 0.5, 9.75, 0.25], "texture": "#1"},
				"down": {"uv": [13, 0.5, 9.75, 0.75], "texture": "#1"}
			}
		},
		{
			"from": [13, 10, 4],
			"to": [14, 21, 15],
			"rotation": {"angle": 0, "axis": "y", "origin": [4.5, 20.5, 7.5]},
			"faces": {
				"north": {"uv": [9.75, 8, 10, 10.75], "texture": "#1"},
				"east": {"uv": [5.5, 5.5, 8.25, 8.25], "texture": "#1"},
				"south": {"uv": [10, 5.25, 10.25, 8], "texture": "#1"},
				"west": {"uv": [6.5, 0, 9.25, 2.75], "texture": "#1"},
				"up": {"uv": [10.25, 10.75, 10, 8], "texture": "#1"},
				"down": {"uv": [10.5, 5.25, 10.25, 8], "texture": "#1"}
			}
		},
		{
			"from": [1, 10, 15],
			"to": [14, 21, 16],
			"rotation": {"angle": 0, "axis": "y", "origin": [4.5, 20.5, 7.5]},
			"faces": {
				"north": {"uv": [0, 0, 3.25, 2.75], "texture": "#1"},
				"east": {"uv": [4.75, 9.5, 5, 12.25], "texture": "#1"},
				"south": {"uv": [0, 2.75, 3.25, 5.5], "texture": "#1"},
				"west": {"uv": [9.75, 5.25, 10, 8], "texture": "#1"},
				"up": {"uv": [12.75, 4.75, 9.5, 4.5], "texture": "#1"},
				"down": {"uv": [12.75, 4.75, 9.5, 5], "texture": "#1"}
			}
		},
		{
			"from": [1, 10, 4],
			"to": [2, 21, 15],
			"rotation": {"angle": 0, "axis": "y", "origin": [4.25, 20.5, 10.5]},
			"faces": {
				"north": {"uv": [3.75, 9.5, 4, 12.25], "texture": "#1"},
				"east": {"uv": [0, 5.5, 2.75, 8.25], "texture": "#1"},
				"south": {"uv": [4, 9.5, 4.25, 12.25], "texture": "#1"},
				"west": {"uv": [2.75, 5.5, 5.5, 8.25], "texture": "#1"},
				"up": {"uv": [4.5, 12.25, 4.25, 9.5], "texture": "#1"},
				"down": {"uv": [4.75, 9.5, 4.5, 12.25], "texture": "#1"}
			}
		},
		{
			"from": [0, 21, 3],
			"to": [1, 22, 16],
			"rotation": {"angle": 0, "axis": "y", "origin": [4.25, 20.5, 10.5]},
			"faces": {
				"north": {"uv": [14.75, 10, 15, 10.25], "texture": "#1"},
				"east": {"uv": [9.75, 0.75, 13, 1], "texture": "#1"},
				"south": {"uv": [10.25, 14.75, 10.5, 15], "texture": "#1"},
				"west": {"uv": [9.75, 1, 13, 1.25], "texture": "#1"},
				"up": {"uv": [3.5, 12.75, 3.25, 9.5], "texture": "#1"},
				"down": {"uv": [3.75, 9.5, 3.5, 12.75], "texture": "#1"}
			}
		},
		{
			"from": [0, 21, 16],
			"to": [15, 22, 17],
			"rotation": {"angle": 0, "axis": "y", "origin": [4.5, 20.5, 7.5]},
			"faces": {
				"north": {"uv": [9.25, 2.5, 13, 2.75], "texture": "#1"},
				"east": {"uv": [14.75, 9, 15, 9.25], "texture": "#1"},
				"south": {"uv": [9.5, 2.75, 13.25, 3], "texture": "#1"},
				"west": {"uv": [9.25, 14.75, 9.5, 15], "texture": "#1"},
				"up": {"uv": [13.25, 3.25, 9.5, 3], "texture": "#1"},
				"down": {"uv": [13.25, 3.25, 9.5, 3.5], "texture": "#1"}
			}
		},
		{
			"from": [14, 21, 3],
			"to": [15, 22, 16],
			"rotation": {"angle": 0, "axis": "y", "origin": [4.5, 20.5, 7.5]},
			"faces": {
				"north": {"uv": [14.75, 9.25, 15, 9.5], "texture": "#1"},
				"east": {"uv": [9.5, 5, 12.75, 5.25], "texture": "#1"},
				"south": {"uv": [9.5, 14.75, 9.75, 15], "texture": "#1"},
				"west": {"uv": [9.75, 0, 13, 0.25], "texture": "#1"},
				"up": {"uv": [8.25, 11.5, 8, 8.25], "texture": "#1"},
				"down": {"uv": [3.25, 9.5, 3, 12.75], "texture": "#1"}
			}
		},
		{
			"from": [0, 21, 2],
			"to": [15, 22, 3],
			"rotation": {"angle": 0, "axis": "y", "origin": [7.5, 0.5, 7.5]},
			"faces": {
				"north": {"uv": [9.5, 3.5, 13.25, 3.75], "texture": "#1"},
				"east": {"uv": [9.75, 14.75, 10, 15], "texture": "#1"},
				"south": {"uv": [9.5, 3.75, 13.25, 4], "texture": "#1"},
				"west": {"uv": [10, 14.75, 10.25, 15], "texture": "#1"},
				"up": {"uv": [13.25, 4.25, 9.5, 4], "texture": "#1"},
				"down": {"uv": [13.25, 4.25, 9.5, 4.5], "texture": "#1"}
			}
		},
		{
			"from": [10, 17, 4.25],
			"to": [12, 27, 6.25],
			"rotation": {"angle": 0, "axis": "y", "origin": [7, 25, 6.75]},
			"faces": {
				"north": {"uv": [5, 8.25, 5.5, 10.75], "texture": "#1"},
				"east": {"uv": [8.25, 5.25, 8.75, 7.75], "texture": "#1"},
				"south": {"uv": [5.5, 8.25, 6, 10.75], "texture": "#1"},
				"west": {"uv": [6, 8.25, 6.5, 10.75], "texture": "#1"},
				"up": {"uv": [10.25, 12.25, 9.75, 11.75], "texture": "#1"},
				"down": {"uv": [12.5, 10.5, 12, 11], "texture": "#1"}
			}
		},
		{
			"from": [10, 22, 6.25],
			"to": [12, 23, 7.25],
			"rotation": {"angle": 0, "axis": "y", "origin": [7, 25, 6.75]},
			"faces": {
				"north": {"uv": [12.75, 2.25, 13.25, 2.5], "texture": "#1"},
				"east": {"uv": [10.5, 14.75, 10.75, 15], "texture": "#1"},
				"south": {"uv": [12.75, 5, 13.25, 5.25], "texture": "#1"},
				"west": {"uv": [10.75, 14.75, 11, 15], "texture": "#1"},
				"up": {"uv": [4.5, 14, 4, 13.75], "texture": "#1"},
				"down": {"uv": [14.25, 4, 13.75, 4.25], "texture": "#1"}
			}
		},
		{
			"from": [10, 23, 7.25],
			"to": [12, 27, 8.25],
			"rotation": {"angle": 0, "axis": "y", "origin": [7, 25, 6.75]},
			"faces": {
				"north": {"uv": [9.75, 1.25, 10.25, 2.25], "texture": "#1"},
				"east": {"uv": [10.25, 11.75, 10.5, 12.75], "texture": "#1"},
				"south": {"uv": [10.25, 1.25, 10.75, 2.25], "texture": "#1"},
				"west": {"uv": [12, 11, 12.25, 12], "texture": "#1"},
				"up": {"uv": [14.25, 4.5, 13.75, 4.25], "texture": "#1"},
				"down": {"uv": [14.25, 4.5, 13.75, 4.75], "texture": "#1"}
			}
		},
		{
			"from": [10, 27, 6.25],
			"to": [12, 28, 7.25],
			"rotation": {"angle": 0, "axis": "y", "origin": [7, 25, 6.75]},
			"faces": {
				"north": {"uv": [13.75, 4.75, 14.25, 5], "texture": "#1"},
				"east": {"uv": [11, 14.75, 11.25, 15], "texture": "#1"},
				"south": {"uv": [5, 13.75, 5.5, 14], "texture": "#1"},
				"west": {"uv": [11.25, 14.75, 11.5, 15], "texture": "#1"},
				"up": {"uv": [14.25, 5.25, 13.75, 5], "texture": "#1"},
				"down": {"uv": [14.25, 5.25, 13.75, 5.5], "texture": "#1"}
			}
		},
		{
			"from": [10, 28, 4.25],
			"to": [12, 29, 6.25],
			"rotation": {"angle": 0, "axis": "y", "origin": [7, 25, 6.75]},
			"faces": {
				"north": {"uv": [5.5, 13.75, 6, 14], "texture": "#1"},
				"east": {"uv": [13.75, 5.5, 14.25, 5.75], "texture": "#1"},
				"south": {"uv": [13.75, 5.75, 14.25, 6], "texture": "#1"},
				"west": {"uv": [13.75, 6, 14.25, 6.25], "texture": "#1"},
				"up": {"uv": [12.5, 12.5, 12, 12], "texture": "#1"},
				"down": {"uv": [0.5, 12.25, 0, 12.75], "texture": "#1"}
			}
		},
		{
			"from": [10, 22, 3.25],
			"to": [12, 23, 4.25],
			"rotation": {"angle": 0, "axis": "y", "origin": [7, 25, 6.75]},
			"faces": {
				"north": {"uv": [13.75, 6.25, 14.25, 6.5], "texture": "#1"},
				"east": {"uv": [14.75, 11.25, 15, 11.5], "texture": "#1"},
				"south": {"uv": [13.75, 6.5, 14.25, 6.75], "texture": "#1"},
				"west": {"uv": [11.5, 14.75, 11.75, 15], "texture": "#1"},
				"up": {"uv": [14.25, 7, 13.75, 6.75], "texture": "#1"},
				"down": {"uv": [14.25, 7, 13.75, 7.25], "texture": "#1"}
			}
		},
		{
			"from": [10, 23, 2.25],
			"to": [12, 27, 3.25],
			"rotation": {"angle": 0, "axis": "y", "origin": [7, 25, 6.75]},
			"faces": {
				"north": {"uv": [8.5, 10.25, 9, 11.25], "texture": "#1"},
				"east": {"uv": [0.5, 12.25, 0.75, 13.25], "texture": "#1"},
				"south": {"uv": [9, 10.25, 9.5, 11.25], "texture": "#1"},
				"west": {"uv": [0.75, 12.25, 1, 13.25], "texture": "#1"},
				"up": {"uv": [14.25, 7.5, 13.75, 7.25], "texture": "#1"},
				"down": {"uv": [14.25, 7.5, 13.75, 7.75], "texture": "#1"}
			}
		},
		{
			"from": [10, 27, 3.25],
			"to": [12, 28, 4.25],
			"rotation": {"angle": 0, "axis": "y", "origin": [7, 25, 6.75]},
			"faces": {
				"north": {"uv": [13.75, 7.75, 14.25, 8], "texture": "#1"},
				"east": {"uv": [11.75, 14.75, 12, 15], "texture": "#1"},
				"south": {"uv": [13.75, 8, 14.25, 8.25], "texture": "#1"},
				"west": {"uv": [12, 14.75, 12.25, 15], "texture": "#1"},
				"up": {"uv": [14.25, 8.5, 13.75, 8.25], "texture": "#1"},
				"down": {"uv": [9, 13.75, 8.5, 14], "texture": "#1"}
			}
		},
		{
			"from": [12, 22, 4.25],
			"to": [13, 23, 6.25],
			"rotation": {"angle": 0, "axis": "y", "origin": [7, 25, 6.75]},
			"faces": {
				"north": {"uv": [14.75, 12, 15, 12.25], "texture": "#1"},
				"east": {"uv": [13.75, 8.5, 14.25, 8.75], "texture": "#1"},
				"south": {"uv": [12.25, 14.75, 12.5, 15], "texture": "#1"},
				"west": {"uv": [13.75, 8.75, 14.25, 9], "texture": "#1"},
				"up": {"uv": [9.75, 10.75, 9.5, 10.25], "texture": "#1"},
				"down": {"uv": [3.75, 13.75, 3.5, 14.25], "texture": "#1"}
			}
		},
		{
			"from": [13, 23, 4.25],
			"to": [14, 27, 6.25],
			"rotation": {"angle": 0, "axis": "y", "origin": [7, 25, 6.75]},
			"faces": {
				"north": {"uv": [1, 12.25, 1.25, 13.25], "texture": "#1"},
				"east": {"uv": [10.5, 5.25, 11, 6.25], "texture": "#1"},
				"south": {"uv": [1.25, 12.25, 1.5, 13.25], "texture": "#1"},
				"west": {"uv": [10.5, 6.25, 11, 7.25], "texture": "#1"},
				"up": {"uv": [9.25, 14.25, 9, 13.75], "texture": "#1"},
				"down": {"uv": [14, 9, 13.75, 9.5], "texture": "#1"}
			}
		},
		{
			"from": [12, 27, 4.25],
			"to": [13, 28, 6.25],
			"rotation": {"angle": 0, "axis": "y", "origin": [7, 25, 6.75]},
			"faces": {
				"north": {"uv": [14.75, 12.25, 15, 12.5], "texture": "#1"},
				"east": {"uv": [13.75, 9.5, 14.25, 9.75], "texture": "#1"},
				"south": {"uv": [12.5, 14.75, 12.75, 15], "texture": "#1"},
				"west": {"uv": [13.75, 9.75, 14.25, 10], "texture": "#1"},
				"up": {"uv": [9.5, 14.25, 9.25, 13.75], "texture": "#1"},
				"down": {"uv": [14, 10, 13.75, 10.5], "texture": "#1"}
			}
		},
		{
			"from": [9, 27, 4.25],
			"to": [10, 28, 6.25],
			"rotation": {"angle": 0, "axis": "y", "origin": [7, 25, 6.75]},
			"faces": {
				"north": {"uv": [14.75, 12.5, 15, 12.75], "texture": "#1"},
				"east": {"uv": [13.75, 10.5, 14.25, 10.75], "texture": "#1"},
				"south": {"uv": [12.75, 14.75, 13, 15], "texture": "#1"},
				"west": {"uv": [13.75, 10.75, 14.25, 11], "texture": "#1"},
				"up": {"uv": [14, 11.5, 13.75, 11], "texture": "#1"},
				"down": {"uv": [11.5, 13.75, 11.25, 14.25], "texture": "#1"}
			}
		},
		{
			"from": [8, 23, 4.25],
			"to": [9, 27, 6.25],
			"rotation": {"angle": 0, "axis": "y", "origin": [7, 25, 6.75]},
			"faces": {
				"north": {"uv": [12.25, 1.25, 12.5, 2.25], "texture": "#1"},
				"east": {"uv": [10.5, 7.25, 11, 8.25], "texture": "#1"},
				"south": {"uv": [1.5, 12.25, 1.75, 13.25], "texture": "#1"},
				"west": {"uv": [10.5, 8.25, 11, 9.25], "texture": "#1"},
				"up": {"uv": [11.75, 14.25, 11.5, 13.75], "texture": "#1"},
				"down": {"uv": [14, 11.5, 13.75, 12], "texture": "#1"}
			}
		},
		{
			"from": [9, 22, 4.25],
			"to": [10, 23, 6.25],
			"rotation": {"angle": 0, "axis": "y", "origin": [7, 25, 6.75]},
			"faces": {
				"north": {"uv": [14.75, 12.75, 15, 13], "texture": "#1"},
				"east": {"uv": [13.75, 12, 14.25, 12.25], "texture": "#1"},
				"south": {"uv": [13, 14.75, 13.25, 15], "texture": "#1"},
				"west": {"uv": [13.75, 12.25, 14.25, 12.5], "texture": "#1"},
				"up": {"uv": [12, 14.25, 11.75, 13.75], "texture": "#1"},
				"down": {"uv": [14, 12.5, 13.75, 13], "texture": "#1"}
			}
		},
		{
			"from": [9, 23, 6.25],
			"to": [10, 27, 7.25],
			"rotation": {"angle": 0, "axis": "y", "origin": [7, 25, 6.75]},
			"faces": {
				"north": {"uv": [1.75, 12.25, 2, 13.25], "texture": "#1"},
				"east": {"uv": [2, 12.25, 2.25, 13.25], "texture": "#1"},
				"south": {"uv": [2.25, 12.25, 2.5, 13.25], "texture": "#1"},
				"west": {"uv": [2.5, 12.25, 2.75, 13.25], "texture": "#1"},
				"up": {"uv": [15, 13.25, 14.75, 13], "texture": "#1"},
				"down": {"uv": [13.5, 14.75, 13.25, 15], "texture": "#1"}
			}
		},
		{
			"from": [12, 23, 6.25],
			"to": [13, 27, 7.25],
			"rotation": {"angle": 0, "axis": "y", "origin": [7, 25, 6.75]},
			"faces": {
				"north": {"uv": [2.75, 12.25, 3, 13.25], "texture": "#1"},
				"east": {"uv": [3.75, 12.25, 4, 13.25], "texture": "#1"},
				"south": {"uv": [4, 12.25, 4.25, 13.25], "texture": "#1"},
				"west": {"uv": [4.25, 12.25, 4.5, 13.25], "texture": "#1"},
				"up": {"uv": [15, 13.5, 14.75, 13.25], "texture": "#1"},
				"down": {"uv": [13.75, 14.75, 13.5, 15], "texture": "#1"}
			}
		},
		{
			"from": [12, 23, 3.25],
			"to": [13, 27, 4.25],
			"rotation": {"angle": 0, "axis": "y", "origin": [7, 25, 6.75]},
			"faces": {
				"north": {"uv": [4.5, 12.25, 4.75, 13.25], "texture": "#1"},
				"east": {"uv": [4.75, 12.25, 5, 13.25], "texture": "#1"},
				"south": {"uv": [6, 12.25, 6.25, 13.25], "texture": "#1"},
				"west": {"uv": [6.25, 12.25, 6.5, 13.25], "texture": "#1"},
				"up": {"uv": [15, 13.75, 14.75, 13.5], "texture": "#1"},
				"down": {"uv": [14, 14.75, 13.75, 15], "texture": "#1"}
			}
		},
		{
			"from": [9, 23, 3.25],
			"to": [10, 27, 4.25],
			"rotation": {"angle": 0, "axis": "y", "origin": [7, 25, 6.75]},
			"faces": {
				"north": {"uv": [6.5, 12.25, 6.75, 13.25], "texture": "#1"},
				"east": {"uv": [6.75, 12.25, 7, 13.25], "texture": "#1"},
				"south": {"uv": [7, 12.25, 7.25, 13.25], "texture": "#1"},
				"west": {"uv": [7.25, 12.25, 7.5, 13.25], "texture": "#1"},
				"up": {"uv": [15, 14, 14.75, 13.75], "texture": "#1"},
				"down": {"uv": [14.25, 14.75, 14, 15], "texture": "#1"}
			}
		},
		{
			"from": [3, 15, 4.25],
			"to": [5, 25, 6.25],
			"rotation": {"angle": 0, "axis": "y", "origin": [7, 25, 6.75]},
			"faces": {
				"north": {"uv": [6.5, 8.25, 7, 10.75], "texture": "#1"},
				"east": {"uv": [7, 8.25, 7.5, 10.75], "texture": "#1"},
				"south": {"uv": [7.5, 8.25, 8, 10.75], "texture": "#1"},
				"west": {"uv": [8.25, 7.75, 8.75, 10.25], "texture": "#1"},
				"up": {"uv": [9, 12.75, 8.5, 12.25], "texture": "#1"},
				"down": {"uv": [9.5, 12.25, 9, 12.75], "texture": "#1"}
			}
		},
		{
			"from": [3, 20, 6.25],
			"to": [5, 21, 7.25],
			"rotation": {"angle": 0, "axis": "y", "origin": [7, 25, 6.75]},
			"faces": {
				"north": {"uv": [13.75, 13, 14.25, 13.25], "texture": "#1"},
				"east": {"uv": [14.25, 14.75, 14.5, 15], "texture": "#1"},
				"south": {"uv": [13.75, 13.25, 14.25, 13.5], "texture": "#1"},
				"west": {"uv": [14.5, 14.75, 14.75, 15], "texture": "#1"},
				"up": {"uv": [14.25, 13.75, 13.75, 13.5], "texture": "#1"},
				"down": {"uv": [14.25, 13.75, 13.75, 14], "texture": "#1"}
			}
		},
		{
			"from": [3, 21, 7.25],
			"to": [5, 25, 8.25],
			"rotation": {"angle": 0, "axis": "y", "origin": [7, 25, 6.75]},
			"faces": {
				"north": {"uv": [10.5, 9.25, 11, 10.25], "texture": "#1"},
				"east": {"uv": [9.75, 12.25, 10, 13.25], "texture": "#1"},
				"south": {"uv": [10.5, 10.25, 11, 11.25], "texture": "#1"},
				"west": {"uv": [10, 12.25, 10.25, 13.25], "texture": "#1"},
				"up": {"uv": [14.5, 0.25, 14, 0], "texture": "#1"},
				"down": {"uv": [14.5, 0.25, 14, 0.5], "texture": "#1"}
			}
		},
		{
			"from": [3, 25, 6.25],
			"to": [5, 26, 7.25],
			"rotation": {"angle": 0, "axis": "y", "origin": [7, 25, 6.75]},
			"faces": {
				"north": {"uv": [14, 0.5, 14.5, 0.75], "texture": "#1"},
				"east": {"uv": [14.75, 14.75, 15, 15], "texture": "#1"},
				"south": {"uv": [14, 0.75, 14.5, 1], "texture": "#1"},
				"west": {"uv": [0, 15, 0.25, 15.25], "texture": "#1"},
				"up": {"uv": [14.5, 1.25, 14, 1], "texture": "#1"},
				"down": {"uv": [14.5, 1.25, 14, 1.5], "texture": "#1"}
			}
		},
		{
			"from": [3, 26, 4.25],
			"to": [5, 27, 6.25],
			"rotation": {"angle": 0, "axis": "y", "origin": [7, 25, 6.75]},
			"faces": {
				"north": {"uv": [14, 1.5, 14.5, 1.75], "texture": "#1"},
				"east": {"uv": [14, 1.75, 14.5, 2], "texture": "#1"},
				"south": {"uv": [14, 2, 14.5, 2.25], "texture": "#1"},
				"west": {"uv": [14, 2.25, 14.5, 2.5], "texture": "#1"},
				"up": {"uv": [11, 12.75, 10.5, 12.25], "texture": "#1"},
				"down": {"uv": [11.5, 12.25, 11, 12.75], "texture": "#1"}
			}
		},
		{
			"from": [3, 20, 3.25],
			"to": [5, 21, 4.25],
			"rotation": {"angle": 0, "axis": "y", "origin": [7, 25, 6.75]},
			"faces": {
				"north": {"uv": [14, 2.5, 14.5, 2.75], "texture": "#1"},
				"east": {"uv": [15, 0, 15.25, 0.25], "texture": "#1"},
				"south": {"uv": [14, 2.75, 14.5, 3], "texture": "#1"},
				"west": {"uv": [0.25, 15, 0.5, 15.25], "texture": "#1"},
				"up": {"uv": [14.5, 3.25, 14, 3], "texture": "#1"},
				"down": {"uv": [14.5, 3.25, 14, 3.5], "texture": "#1"}
			}
		},
		{
			"from": [3, 21, 2.25],
			"to": [5, 25, 3.25],
			"rotation": {"angle": 0, "axis": "y", "origin": [7, 25, 6.75]},
			"faces": {
				"north": {"uv": [10.75, 1.25, 11.25, 2.25], "texture": "#1"},
				"east": {"uv": [12.25, 11, 12.5, 12], "texture": "#1"},
				"south": {"uv": [5, 10.75, 5.5, 11.75], "texture": "#1"},
				"west": {"uv": [11.5, 12.25, 11.75, 13.25], "texture": "#1"},
				"up": {"uv": [14.5, 3.75, 14, 3.5], "texture": "#1"},
				"down": {"uv": [14.5, 3.75, 14, 4], "texture": "#1"}
			}
		},
		{
			"from": [3, 25, 3.25],
			"to": [5, 26, 4.25],
			"rotation": {"angle": 0, "axis": "y", "origin": [7, 25, 6.75]},
			"faces": {
				"north": {"uv": [4, 14, 4.5, 14.25], "texture": "#1"},
				"east": {"uv": [15, 0.25, 15.25, 0.5], "texture": "#1"},
				"south": {"uv": [5, 14, 5.5, 14.25], "texture": "#1"},
				"west": {"uv": [0.5, 15, 0.75, 15.25], "texture": "#1"},
				"up": {"uv": [6, 14.25, 5.5, 14], "texture": "#1"},
				"down": {"uv": [8.5, 14, 8, 14.25], "texture": "#1"}
			}
		},
		{
			"from": [5, 20, 4.25],
			"to": [6, 21, 6.25],
			"rotation": {"angle": 0, "axis": "y", "origin": [7, 25, 6.75]},
			"faces": {
				"north": {"uv": [15, 0.5, 15.25, 0.75], "texture": "#1"},
				"east": {"uv": [8.5, 14, 9, 14.25], "texture": "#1"},
				"south": {"uv": [0.75, 15, 1, 15.25], "texture": "#1"},
				"west": {"uv": [14, 9, 14.5, 9.25], "texture": "#1"},
				"up": {"uv": [14.25, 10.5, 14, 10], "texture": "#1"},
				"down": {"uv": [14.25, 11, 14, 11.5], "texture": "#1"}
			}
		},
		{
			"from": [6, 21, 4.25],
			"to": [7, 25, 6.25],
			"rotation": {"angle": 0, "axis": "y", "origin": [7, 25, 6.75]},
			"faces": {
				"north": {"uv": [11.75, 12.25, 12, 13.25], "texture": "#1"},
				"east": {"uv": [5.5, 10.75, 6, 11.75], "texture": "#1"},
				"south": {"uv": [12.5, 1.25, 12.75, 2.25], "texture": "#1"},
				"west": {"uv": [6, 10.75, 6.5, 11.75], "texture": "#1"},
				"up": {"uv": [14.25, 12, 14, 11.5], "texture": "#1"},
				"down": {"uv": [14.25, 12.5, 14, 13], "texture": "#1"}
			}
		},
		{
			"from": [5, 25, 4.25],
			"to": [6, 26, 6.25],
			"rotation": {"angle": 0, "axis": "y", "origin": [7, 25, 6.75]},
			"faces": {
				"north": {"uv": [15, 0.75, 15.25, 1], "texture": "#1"},
				"east": {"uv": [14, 9.25, 14.5, 9.5], "texture": "#1"},
				"south": {"uv": [1, 15, 1.25, 15.25], "texture": "#1"},
				"west": {"uv": [12.75, 14, 13.25, 14.25], "texture": "#1"},
				"up": {"uv": [13.75, 14.5, 13.5, 14], "texture": "#1"},
				"down": {"uv": [14, 14, 13.75, 14.5], "texture": "#1"}
			}
		},
		{
			"from": [2, 25, 4.25],
			"to": [3, 26, 6.25],
			"rotation": {"angle": 0, "axis": "y", "origin": [7, 25, 6.75]},
			"faces": {
				"north": {"uv": [15, 1, 15.25, 1.25], "texture": "#1"},
				"east": {"uv": [14, 14, 14.5, 14.25], "texture": "#1"},
				"south": {"uv": [1.25, 15, 1.5, 15.25], "texture": "#1"},
				"west": {"uv": [0.5, 14.25, 1, 14.5], "texture": "#1"},
				"up": {"uv": [1.25, 14.75, 1, 14.25], "texture": "#1"},
				"down": {"uv": [1.5, 14.25, 1.25, 14.75], "texture": "#1"}
			}
		},
		{
			"from": [1, 21, 4.25],
			"to": [2, 25, 6.25],
			"rotation": {"angle": 0, "axis": "y", "origin": [7, 25, 6.75]},
			"faces": {
				"north": {"uv": [12.5, 10.5, 12.75, 11.5], "texture": "#1"},
				"east": {"uv": [6.5, 10.75, 7, 11.75], "texture": "#1"},
				"south": {"uv": [12.5, 11.5, 12.75, 12.5], "texture": "#1"},
				"west": {"uv": [7, 10.75, 7.5, 11.75], "texture": "#1"},
				"up": {"uv": [1.75, 14.75, 1.5, 14.25], "texture": "#1"},
				"down": {"uv": [2, 14.25, 1.75, 14.75], "texture": "#1"}
			}
		},
		{
			"from": [2, 20, 4.25],
			"to": [3, 21, 6.25],
			"rotation": {"angle": 0, "axis": "y", "origin": [7, 25, 6.75]},
			"faces": {
				"north": {"uv": [15, 1.25, 15.25, 1.5], "texture": "#1"},
				"east": {"uv": [2, 14.25, 2.5, 14.5], "texture": "#1"},
				"south": {"uv": [1.5, 15, 1.75, 15.25], "texture": "#1"},
				"west": {"uv": [2.5, 14.25, 3, 14.5], "texture": "#1"},
				"up": {"uv": [3.75, 14.75, 3.5, 14.25], "texture": "#1"},
				"down": {"uv": [4, 14.25, 3.75, 14.75], "texture": "#1"}
			}
		},
		{
			"from": [2, 21, 6.25],
			"to": [3, 25, 7.25],
			"rotation": {"angle": 0, "axis": "y", "origin": [7, 25, 6.75]},
			"faces": {
				"north": {"uv": [12, 12.5, 12.25, 13.5], "texture": "#1"},
				"east": {"uv": [12.25, 12.5, 12.5, 13.5], "texture": "#1"},
				"south": {"uv": [12.5, 12.5, 12.75, 13.5], "texture": "#1"},
				"west": {"uv": [0, 12.75, 0.25, 13.75], "texture": "#1"},
				"up": {"uv": [15.25, 1.75, 15, 1.5], "texture": "#1"},
				"down": {"uv": [2, 15, 1.75, 15.25], "texture": "#1"}
			}
		},
		{
			"from": [5, 21, 6.25],
			"to": [6, 25, 7.25],
			"rotation": {"angle": 0, "axis": "y", "origin": [7, 25, 6.75]},
			"faces": {
				"north": {"uv": [0.25, 12.75, 0.5, 13.75], "texture": "#1"},
				"east": {"uv": [12.75, 1.25, 13, 2.25], "texture": "#1"},
				"south": {"uv": [3, 12.75, 3.25, 13.75], "texture": "#1"},
				"west": {"uv": [3.25, 12.75, 3.5, 13.75], "texture": "#1"},
				"up": {"uv": [15.25, 2, 15, 1.75], "texture": "#1"},
				"down": {"uv": [2.25, 15, 2, 15.25], "texture": "#1"}
			}
		},
		{
			"from": [5, 21, 3.25],
			"to": [6, 25, 4.25],
			"rotation": {"angle": 0, "axis": "y", "origin": [7, 25, 6.75]},
			"faces": {
				"north": {"uv": [3.5, 12.75, 3.75, 13.75], "texture": "#1"},
				"east": {"uv": [5, 12.75, 5.25, 13.75], "texture": "#1"},
				"south": {"uv": [5.25, 12.75, 5.5, 13.75], "texture": "#1"},
				"west": {"uv": [5.5, 12.75, 5.75, 13.75], "texture": "#1"},
				"up": {"uv": [15.25, 2.25, 15, 2], "texture": "#1"},
				"down": {"uv": [2.5, 15, 2.25, 15.25], "texture": "#1"}
			}
		},
		{
			"from": [2, 21, 3.25],
			"to": [3, 25, 4.25],
			"rotation": {"angle": 0, "axis": "y", "origin": [7, 25, 6.75]},
			"faces": {
				"north": {"uv": [5.75, 12.75, 6, 13.75], "texture": "#1"},
				"east": {"uv": [8.5, 12.75, 8.75, 13.75], "texture": "#1"},
				"south": {"uv": [8.75, 12.75, 9, 13.75], "texture": "#1"},
				"west": {"uv": [9, 12.75, 9.25, 13.75], "texture": "#1"},
				"up": {"uv": [15.25, 2.5, 15, 2.25], "texture": "#1"},
				"down": {"uv": [2.75, 15, 2.5, 15.25], "texture": "#1"}
			}
		},
		{
			"from": [3, 16, 11.25],
			"to": [5, 26, 13.25],
			"rotation": {"angle": 0, "axis": "y", "origin": [7, 25, 6.75]},
			"faces": {
				"north": {"uv": [8.75, 5.25, 9.25, 7.75], "texture": "#1"},
				"east": {"uv": [8.75, 7.75, 9.25, 10.25], "texture": "#1"},
				"south": {"uv": [9, 2.75, 9.5, 5.25], "texture": "#1"},
				"west": {"uv": [9.25, 0, 9.75, 2.5], "texture": "#1"},
				"up": {"uv": [13.25, 5, 12.75, 4.5], "texture": "#1"},
				"down": {"uv": [10.75, 12.75, 10.25, 13.25], "texture": "#1"}
			}
		},
		{
			"from": [3, 21, 13.25],
			"to": [5, 22, 14.25],
			"rotation": {"angle": 0, "axis": "y", "origin": [7, 25, 6.75]},
			"faces": {
				"north": {"uv": [4, 14.25, 4.5, 14.5], "texture": "#1"},
				"east": {"uv": [15, 2.5, 15.25, 2.75], "texture": "#1"},
				"south": {"uv": [14.25, 4, 14.75, 4.25], "texture": "#1"},
				"west": {"uv": [2.75, 15, 3, 15.25], "texture": "#1"},
				"up": {"uv": [14.75, 4.5, 14.25, 4.25], "texture": "#1"},
				"down": {"uv": [5, 14.25, 4.5, 14.5], "texture": "#1"}
			}
		},
		{
			"from": [3, 22, 14.25],
			"to": [5, 26, 15.25],
			"rotation": {"angle": 0, "axis": "y", "origin": [7, 25, 6.75]},
			"faces": {
				"north": {"uv": [7.5, 10.75, 8, 11.75], "texture": "#1"},
				"east": {"uv": [9.25, 12.75, 9.5, 13.75], "texture": "#1"},
				"south": {"uv": [9.5, 10.75, 10, 11.75], "texture": "#1"},
				"west": {"uv": [12.75, 10.5, 13, 11.5], "texture": "#1"},
				"up": {"uv": [14.75, 4.75, 14.25, 4.5], "texture": "#1"},
				"down": {"uv": [14.75, 4.75, 14.25, 5], "texture": "#1"}
			}
		},
		{
			"from": [3, 26, 13.25],
			"to": [5, 27, 14.25],
			"rotation": {"angle": 0, "axis": "y", "origin": [7, 25, 6.75]},
			"faces": {
				"north": {"uv": [5, 14.25, 5.5, 14.5], "texture": "#1"},
				"east": {"uv": [15, 2.75, 15.25, 3], "texture": "#1"},
				"south": {"uv": [14.25, 5, 14.75, 5.25], "texture": "#1"},
				"west": {"uv": [3, 15, 3.25, 15.25], "texture": "#1"},
				"up": {"uv": [14.75, 5.5, 14.25, 5.25], "texture": "#1"},
				"down": {"uv": [6, 14.25, 5.5, 14.5], "texture": "#1"}
			}
		},
		{
			"from": [3, 27, 11.25],
			"to": [5, 28, 13.25],
			"rotation": {"angle": 0, "axis": "y", "origin": [7, 25, 6.75]},
			"faces": {
				"north": {"uv": [14.25, 5.5, 14.75, 5.75], "texture": "#1"},
				"east": {"uv": [14.25, 5.75, 14.75, 6], "texture": "#1"},
				"south": {"uv": [6, 14.25, 6.5, 14.5], "texture": "#1"},
				"west": {"uv": [14.25, 6, 14.75, 6.25], "texture": "#1"},
				"up": {"uv": [11.25, 13.25, 10.75, 12.75], "texture": "#1"},
				"down": {"uv": [13.25, 11.5, 12.75, 12], "texture": "#1"}
			}
		},
		{
			"from": [3, 21, 10.25],
			"to": [5, 22, 11.25],
			"rotation": {"angle": 0, "axis": "y", "origin": [7, 25, 6.75]},
			"faces": {
				"north": {"uv": [14.25, 6.25, 14.75, 6.5], "texture": "#1"},
				"east": {"uv": [15, 3, 15.25, 3.25], "texture": "#1"},
				"south": {"uv": [6.5, 14.25, 7, 14.5], "texture": "#1"},
				"west": {"uv": [3.25, 15, 3.5, 15.25], "texture": "#1"},
				"up": {"uv": [14.75, 6.75, 14.25, 6.5], "texture": "#1"},
				"down": {"uv": [14.75, 6.75, 14.25, 7], "texture": "#1"}
			}
		},
		{
			"from": [3, 22, 9.25],
			"to": [5, 26, 10.25],
			"rotation": {"angle": 0, "axis": "y", "origin": [7, 25, 6.75]},
			"faces": {
				"north": {"uv": [10, 10.75, 10.5, 11.75], "texture": "#1"},
				"east": {"uv": [11.25, 12.75, 11.5, 13.75], "texture": "#1"},
				"south": {"uv": [11, 5.25, 11.5, 6.25], "texture": "#1"},
				"west": {"uv": [12.75, 12, 13, 13], "texture": "#1"},
				"up": {"uv": [7.5, 14.5, 7, 14.25], "texture": "#1"},
				"down": {"uv": [14.75, 7, 14.25, 7.25], "texture": "#1"}
			}
		},
		{
			"from": [3, 26, 10.25],
			"to": [5, 27, 11.25],
			"rotation": {"angle": 0, "axis": "y", "origin": [7, 25, 6.75]},
			"faces": {
				"north": {"uv": [14.25, 7.25, 14.75, 7.5], "texture": "#1"},
				"east": {"uv": [15, 3.25, 15.25, 3.5], "texture": "#1"},
				"south": {"uv": [7.5, 14.25, 8, 14.5], "texture": "#1"},
				"west": {"uv": [15, 3.5, 15.25, 3.75], "texture": "#1"},
				"up": {"uv": [14.75, 7.75, 14.25, 7.5], "texture": "#1"},
				"down": {"uv": [14.75, 7.75, 14.25, 8], "texture": "#1"}
			}
		},
		{
			"from": [5, 21, 11.25],
			"to": [6, 22, 13.25],
			"rotation": {"angle": 0, "axis": "y", "origin": [7, 25, 6.75]},
			"faces": {
				"north": {"uv": [15, 3.75, 15.25, 4], "texture": "#1"},
				"east": {"uv": [8, 14.25, 8.5, 14.5], "texture": "#1"},
				"south": {"uv": [4, 15, 4.25, 15.25], "texture": "#1"},
				"west": {"uv": [14.25, 8, 14.75, 8.25], "texture": "#1"},
				"up": {"uv": [14.5, 8.75, 14.25, 8.25], "texture": "#1"},
				"down": {"uv": [8.75, 14.25, 8.5, 14.75], "texture": "#1"}
			}
		},
		{
			"from": [6, 22, 11.25],
			"to": [7, 26, 13.25],
			"rotation": {"angle": 0, "axis": "y", "origin": [7, 25, 6.75]},
			"faces": {
				"north": {"uv": [13, 0, 13.25, 1], "texture": "#1"},
				"east": {"uv": [11, 6.25, 11.5, 7.25], "texture": "#1"},
				"south": {"uv": [13, 1, 13.25, 2], "texture": "#1"},
				"west": {"uv": [11, 7.25, 11.5, 8.25], "texture": "#1"},
				"up": {"uv": [9, 14.75, 8.75, 14.25], "texture": "#1"},
				"down": {"uv": [9.25, 14.25, 9, 14.75], "texture": "#1"}
			}
		},
		{
			"from": [5, 26, 11.25],
			"to": [6, 27, 13.25],
			"rotation": {"angle": 0, "axis": "y", "origin": [7, 25, 6.75]},
			"faces": {
				"north": {"uv": [15, 4, 15.25, 4.25], "texture": "#1"},
				"east": {"uv": [14.25, 8.75, 14.75, 9], "texture": "#1"},
				"south": {"uv": [4.25, 15, 4.5, 15.25], "texture": "#1"},
				"west": {"uv": [9.25, 14.25, 9.75, 14.5], "texture": "#1"},
				"up": {"uv": [14.5, 10, 14.25, 9.5], "texture": "#1"},
				"down": {"uv": [10, 14.25, 9.75, 14.75], "texture": "#1"}
			}
		},
		{
			"from": [2, 26, 11.25],
			"to": [3, 27, 13.25],
			"rotation": {"angle": 0, "axis": "y", "origin": [7, 25, 6.75]},
			"faces": {
				"north": {"uv": [15, 4.25, 15.25, 4.5], "texture": "#1"},
				"east": {"uv": [10, 14.25, 10.5, 14.5], "texture": "#1"},
				"south": {"uv": [4.5, 15, 4.75, 15.25], "texture": "#1"},
				"west": {"uv": [14.25, 10, 14.75, 10.25], "texture": "#1"},
				"up": {"uv": [14.5, 10.75, 14.25, 10.25], "texture": "#1"},
				"down": {"uv": [10.75, 14.25, 10.5, 14.75], "texture": "#1"}
			}
		},
		{
			"from": [1, 22, 11.25],
			"to": [2, 26, 13.25],
			"rotation": {"angle": 0, "axis": "y", "origin": [7, 25, 6.75]},
			"faces": {
				"north": {"uv": [8, 13, 8.25, 14], "texture": "#1"},
				"east": {"uv": [11, 8.25, 11.5, 9.25], "texture": "#1"},
				"south": {"uv": [8.25, 13, 8.5, 14], "texture": "#1"},
				"west": {"uv": [11, 9.25, 11.5, 10.25], "texture": "#1"},
				"up": {"uv": [11, 14.75, 10.75, 14.25], "texture": "#1"},
				"down": {"uv": [14.5, 10.75, 14.25, 11.25], "texture": "#1"}
			}
		},
		{
			"from": [2, 21, 11.25],
			"to": [3, 22, 13.25],
			"rotation": {"angle": 0, "axis": "y", "origin": [7, 25, 6.75]},
			"faces": {
				"north": {"uv": [4.75, 15, 5, 15.25], "texture": "#1"},
				"east": {"uv": [11, 14.25, 11.5, 14.5], "texture": "#1"},
				"south": {"uv": [15, 4.75, 15.25, 5], "texture": "#1"},
				"west": {"uv": [14.25, 11.25, 14.75, 11.5], "texture": "#1"},
				"up": {"uv": [11.75, 14.75, 11.5, 14.25], "texture": "#1"},
				"down": {"uv": [14.5, 11.5, 14.25, 12], "texture": "#1"}
			}
		},
		{
			"from": [2, 22, 13.25],
			"to": [3, 26, 14.25],
			"rotation": {"angle": 0, "axis": "y", "origin": [7, 25, 6.75]},
			"faces": {
				"north": {"uv": [13, 10.5, 13.25, 11.5], "texture": "#1"},
				"east": {"uv": [13, 12, 13.25, 13], "texture": "#1"},
				"south": {"uv": [12.75, 13, 13, 14], "texture": "#1"},
				"west": {"uv": [13, 13, 13.25, 14], "texture": "#1"},
				"up": {"uv": [5.25, 15.25, 5, 15], "texture": "#1"},
				"down": {"uv": [15.25, 5, 15, 5.25], "texture": "#1"}
			}
		},
		{
			"from": [5, 22, 13.25],
			"to": [6, 26, 14.25],
			"rotation": {"angle": 0, "axis": "y", "origin": [7, 25, 6.75]},
			"faces": {
				"north": {"uv": [13.25, 0, 13.5, 1], "texture": "#1"},
				"east": {"uv": [0.5, 13.25, 0.75, 14.25], "texture": "#1"},
				"south": {"uv": [0.75, 13.25, 1, 14.25], "texture": "#1"},
				"west": {"uv": [1, 13.25, 1.25, 14.25], "texture": "#1"},
				"up": {"uv": [5.5, 15.25, 5.25, 15], "texture": "#1"},
				"down": {"uv": [15.25, 5.25, 15, 5.5], "texture": "#1"}
			}
		},
		{
			"from": [5, 22, 10.25],
			"to": [6, 26, 11.25],
			"rotation": {"angle": 0, "axis": "y", "origin": [7, 25, 6.75]},
			"faces": {
				"north": {"uv": [13.25, 1, 13.5, 2], "texture": "#1"},
				"east": {"uv": [1.25, 13.25, 1.5, 14.25], "texture": "#1"},
				"south": {"uv": [1.5, 13.25, 1.75, 14.25], "texture": "#1"},
				"west": {"uv": [1.75, 13.25, 2, 14.25], "texture": "#1"},
				"up": {"uv": [5.75, 15.25, 5.5, 15], "texture": "#1"},
				"down": {"uv": [15.25, 5.5, 15, 5.75], "texture": "#1"}
			}
		},
		{
			"from": [2, 22, 10.25],
			"to": [3, 26, 11.25],
			"rotation": {"angle": 0, "axis": "y", "origin": [7, 25, 6.75]},
			"faces": {
				"north": {"uv": [2, 13.25, 2.25, 14.25], "texture": "#1"},
				"east": {"uv": [13.25, 2, 13.5, 3], "texture": "#1"},
				"south": {"uv": [2.25, 13.25, 2.5, 14.25], "texture": "#1"},
				"west": {"uv": [2.5, 13.25, 2.75, 14.25], "texture": "#1"},
				"up": {"uv": [6, 15.25, 5.75, 15], "texture": "#1"},
				"down": {"uv": [15.25, 6, 15, 6.25], "texture": "#1"}
			}
		},
		{
			"from": [10, 15, 11.25],
			"to": [12, 25, 13.25],
			"rotation": {"angle": 0, "axis": "y", "origin": [7, 25, 6.75]},
			"faces": {
				"north": {"uv": [9.25, 5.25, 9.75, 7.75], "texture": "#1"},
				"east": {"uv": [9.25, 7.75, 9.75, 10.25], "texture": "#1"},
				"south": {"uv": [0, 9.5, 0.5, 12], "texture": "#1"},
				"west": {"uv": [0.5, 9.5, 1, 12], "texture": "#1"},
				"up": {"uv": [13.75, 3.5, 13.25, 3], "texture": "#1"},
				"down": {"uv": [13.75, 3.5, 13.25, 4], "texture": "#1"}
			}
		},
		{
			"from": [10, 20, 13.25],
			"to": [12, 21, 14.25],
			"rotation": {"angle": 0, "axis": "y", "origin": [7, 25, 6.75]},
			"faces": {
				"north": {"uv": [14.25, 12, 14.75, 12.25], "texture": "#1"},
				"east": {"uv": [15, 6.25, 15.25, 6.5], "texture": "#1"},
				"south": {"uv": [14.25, 12.25, 14.75, 12.5], "texture": "#1"},
				"west": {"uv": [6.5, 15, 6.75, 15.25], "texture": "#1"},
				"up": {"uv": [14.75, 12.75, 14.25, 12.5], "texture": "#1"},
				"down": {"uv": [13.25, 14.25, 12.75, 14.5], "texture": "#1"}
			}
		},
		{
			"from": [10, 21, 14.25],
			"to": [12, 25, 15.25],
			"rotation": {"angle": 0, "axis": "y", "origin": [7, 25, 6.75]},
			"faces": {
				"north": {"uv": [11, 10.25, 11.5, 11.25], "texture": "#1"},
				"east": {"uv": [2.75, 13.25, 3, 14.25], "texture": "#1"},
				"south": {"uv": [11.25, 1.25, 11.75, 2.25], "texture": "#1"},
				"west": {"uv": [3.75, 13.25, 4, 14.25], "texture": "#1"},
				"up": {"uv": [14.75, 13, 14.25, 12.75], "texture": "#1"},
				"down": {"uv": [14.75, 13, 14.25, 13.25], "texture": "#1"}
			}
		},
		{
			"from": [10, 25, 13.25],
			"to": [12, 26, 14.25],
			"rotation": {"angle": 0, "axis": "y", "origin": [7, 25, 6.75]},
			"faces": {
				"north": {"uv": [14.25, 13.25, 14.75, 13.5], "texture": "#1"},
				"east": {"uv": [15, 6.5, 15.25, 6.75], "texture": "#1"},
				"south": {"uv": [14.25, 13.5, 14.75, 13.75], "texture": "#1"},
				"west": {"uv": [6.75, 15, 7, 15.25], "texture": "#1"},
				"up": {"uv": [14.75, 14, 14.25, 13.75], "texture": "#1"},
				"down": {"uv": [14.5, 14.25, 14, 14.5], "texture": "#1"}
			}
		},
		{
			"from": [10, 26, 11.25],
			"to": [12, 27, 13.25],
			"rotation": {"angle": 0, "axis": "y", "origin": [7, 25, 6.75]},
			"faces": {
				"north": {"uv": [14.5, 0, 15, 0.25], "texture": "#1"},
				"east": {"uv": [14.5, 0.25, 15, 0.5], "texture": "#1"},
				"south": {"uv": [0.5, 14.5, 1, 14.75], "texture": "#1"},
				"west": {"uv": [14.5, 0.5, 15, 0.75], "texture": "#1"},
				"up": {"uv": [4.5, 13.75, 4, 13.25], "texture": "#1"},
				"down": {"uv": [13.75, 4, 13.25, 4.5], "texture": "#1"}
			}
		},
		{
			"from": [10, 20, 10.25],
			"to": [12, 21, 11.25],
			"rotation": {"angle": 0, "axis": "y", "origin": [7, 25, 6.75]},
			"faces": {
				"north": {"uv": [14.5, 0.75, 15, 1], "texture": "#1"},
				"east": {"uv": [15, 6.75, 15.25, 7], "texture": "#1"},
				"south": {"uv": [14.5, 1, 15, 1.25], "texture": "#1"},
				"west": {"uv": [7, 15, 7.25, 15.25], "texture": "#1"},
				"up": {"uv": [15, 1.5, 14.5, 1.25], "texture": "#1"},
				"down": {"uv": [15, 1.5, 14.5, 1.75], "texture": "#1"}
			}
		},
		{
			"from": [10, 21, 9.25],
			"to": [12, 25, 10.25],
			"rotation": {"angle": 0, "axis": "y", "origin": [7, 25, 6.75]},
			"faces": {
				"north": {"uv": [8.5, 11.25, 9, 12.25], "texture": "#1"},
				"east": {"uv": [4.5, 13.25, 4.75, 14.25], "texture": "#1"},
				"south": {"uv": [9, 11.25, 9.5, 12.25], "texture": "#1"},
				"west": {"uv": [4.75, 13.25, 5, 14.25], "texture": "#1"},
				"up": {"uv": [15, 2, 14.5, 1.75], "texture": "#1"},
				"down": {"uv": [2.5, 14.5, 2, 14.75], "texture": "#1"}
			}
		},
		{
			"from": [10, 25, 10.25],
			"to": [12, 26, 11.25],
			"rotation": {"angle": 0, "axis": "y", "origin": [7, 25, 6.75]},
			"faces": {
				"north": {"uv": [14.5, 2, 15, 2.25], "texture": "#1"},
				"east": {"uv": [7.25, 15, 7.5, 15.25], "texture": "#1"},
				"south": {"uv": [14.5, 2.25, 15, 2.5], "texture": "#1"},
				"west": {"uv": [15, 7.5, 15.25, 7.75], "texture": "#1"},
				"up": {"uv": [3, 14.75, 2.5, 14.5], "texture": "#1"},
				"down": {"uv": [15, 2.5, 14.5, 2.75], "texture": "#1"}
			}
		},
		{
			"from": [12, 20, 11.25],
			"to": [13, 21, 13.25],
			"rotation": {"angle": 0, "axis": "y", "origin": [7, 25, 6.75]},
			"faces": {
				"north": {"uv": [7.75, 15, 8, 15.25], "texture": "#1"},
				"east": {"uv": [14.5, 2.75, 15, 3], "texture": "#1"},
				"south": {"uv": [15, 7.75, 15.25, 8], "texture": "#1"},
				"west": {"uv": [14.5, 3, 15, 3.25], "texture": "#1"},
				"up": {"uv": [12, 14.75, 11.75, 14.25], "texture": "#1"},
				"down": {"uv": [14.75, 3.25, 14.5, 3.75], "texture": "#1"}
			}
		},
		{
			"from": [13, 21, 11.25],
			"to": [14, 25, 13.25],
			"rotation": {"angle": 0, "axis": "y", "origin": [7, 25, 6.75]},
			"faces": {
				"north": {"uv": [6, 13.25, 6.25, 14.25], "texture": "#1"},
				"east": {"uv": [10.5, 11.25, 11, 12.25], "texture": "#1"},
				"south": {"uv": [6.25, 13.25, 6.5, 14.25], "texture": "#1"},
				"west": {"uv": [11, 11.25, 11.5, 12.25], "texture": "#1"},
				"up": {"uv": [4.25, 15, 4, 14.5], "texture": "#1"},
				"down": {"uv": [4.5, 14.5, 4.25, 15], "texture": "#1"}
			}
		},
		{
			"from": [12, 25, 11.25],
			"to": [13, 26, 13.25],
			"rotation": {"angle": 0, "axis": "y", "origin": [7, 25, 6.75]},
			"faces": {
				"north": {"uv": [8, 15, 8.25, 15.25], "texture": "#1"},
				"east": {"uv": [14.5, 3.75, 15, 4], "texture": "#1"},
				"south": {"uv": [15, 8, 15.25, 8.25], "texture": "#1"},
				"west": {"uv": [4.5, 14.5, 5, 14.75], "texture": "#1"},
				"up": {"uv": [5.25, 15, 5, 14.5], "texture": "#1"},
				"down": {"uv": [5.5, 14.5, 5.25, 15], "texture": "#1"}
			}
		},
		{
			"from": [9, 25, 11.25],
			"to": [10, 26, 13.25],
			"rotation": {"angle": 0, "axis": "y", "origin": [7, 25, 6.75]},
			"faces": {
				"north": {"uv": [8.25, 15, 8.5, 15.25], "texture": "#1"},
				"east": {"uv": [5.5, 14.5, 6, 14.75], "texture": "#1"},
				"south": {"uv": [15, 8.25, 15.25, 8.5], "texture": "#1"},
				"west": {"uv": [6, 14.5, 6.5, 14.75], "texture": "#1"},
				"up": {"uv": [6.75, 15, 6.5, 14.5], "texture": "#1"},
				"down": {"uv": [7, 14.5, 6.75, 15], "texture": "#1"}
			}
		},
		{
			"from": [8, 21, 11.25],
			"to": [9, 25, 13.25],
			"rotation": {"angle": 0, "axis": "y", "origin": [7, 25, 6.75]},
			"faces": {
				"north": {"uv": [6.5, 13.25, 6.75, 14.25], "texture": "#1"},
				"east": {"uv": [11.5, 5.25, 12, 6.25], "texture": "#1"},
				"south": {"uv": [13.25, 6.5, 13.5, 7.5], "texture": "#1"},
				"west": {"uv": [11.5, 6.25, 12, 7.25], "texture": "#1"},
				"up": {"uv": [7.25, 15, 7, 14.5], "texture": "#1"},
				"down": {"uv": [7.5, 14.5, 7.25, 15], "texture": "#1"}
			}
		},
		{
			"from": [9, 20, 11.25],
			"to": [10, 21, 13.25],
			"rotation": {"angle": 0, "axis": "y", "origin": [7, 25, 6.75]},
			"faces": {
				"north": {"uv": [8.5, 15, 8.75, 15.25], "texture": "#1"},
				"east": {"uv": [7.5, 14.5, 8, 14.75], "texture": "#1"},
				"south": {"uv": [15, 8.5, 15.25, 8.75], "texture": "#1"},
				"west": {"uv": [8, 14.5, 8.5, 14.75], "texture": "#1"},
				"up": {"uv": [14.75, 8.75, 14.5, 8.25], "texture": "#1"},
				"down": {"uv": [14.75, 9, 14.5, 9.5], "texture": "#1"}
			}
		},
		{
			"from": [9, 21, 13.25],
			"to": [10, 25, 14.25],
			"rotation": {"angle": 0, "axis": "y", "origin": [7, 25, 6.75]},
			"faces": {
				"north": {"uv": [6.75, 13.25, 7, 14.25], "texture": "#1"},
				"east": {"uv": [7, 13.25, 7.25, 14.25], "texture": "#1"},
				"south": {"uv": [7.25, 13.25, 7.5, 14.25], "texture": "#1"},
				"west": {"uv": [7.5, 13.25, 7.75, 14.25], "texture": "#1"},
				"up": {"uv": [9, 15.25, 8.75, 15], "texture": "#1"},
				"down": {"uv": [15.25, 8.75, 15, 9], "texture": "#1"}
			}
		},
		{
			"from": [12, 21, 13.25],
			"to": [13, 25, 14.25],
			"rotation": {"angle": 0, "axis": "y", "origin": [7, 25, 6.75]},
			"faces": {
				"north": {"uv": [13.25, 7.5, 13.5, 8.5], "texture": "#1"},
				"east": {"uv": [7.75, 13.25, 8, 14.25], "texture": "#1"},
				"south": {"uv": [13.25, 8.5, 13.5, 9.5], "texture": "#1"},
				"west": {"uv": [9.5, 13.25, 9.75, 14.25], "texture": "#1"},
				"up": {"uv": [9.25, 15.25, 9, 15], "texture": "#1"},
				"down": {"uv": [15.25, 9, 15, 9.25], "texture": "#1"}
			}
		},
		{
			"from": [12, 21, 10.25],
			"to": [13, 25, 11.25],
			"rotation": {"angle": 0, "axis": "y", "origin": [7, 25, 6.75]},
			"faces": {
				"north": {"uv": [13.25, 9.5, 13.5, 10.5], "texture": "#1"},
				"east": {"uv": [9.75, 13.25, 10, 14.25], "texture": "#1"},
				"south": {"uv": [10, 13.25, 10.25, 14.25], "texture": "#1"},
				"west": {"uv": [10.25, 13.25, 10.5, 14.25], "texture": "#1"},
				"up": {"uv": [9.5, 15.25, 9.25, 15], "texture": "#1"},
				"down": {"uv": [15.25, 9.25, 15, 9.5], "texture": "#1"}
			}
		},
		{
			"from": [9, 21, 10.25],
			"to": [10, 25, 11.25],
			"rotation": {"angle": 0, "axis": "y", "origin": [7, 25, 6.75]},
			"faces": {
				"north": {"uv": [10.5, 13.25, 10.75, 14.25], "texture": "#1"},
				"east": {"uv": [13.25, 10.5, 13.5, 11.5], "texture": "#1"},
				"south": {"uv": [10.75, 13.25, 11, 14.25], "texture": "#1"},
				"west": {"uv": [11, 13.25, 11.25, 14.25], "texture": "#1"},
				"up": {"uv": [9.75, 15.25, 9.5, 15], "texture": "#1"},
				"down": {"uv": [15.25, 9.5, 15, 9.75], "texture": "#1"}
			}
		},
		{
			"from": [7, 11, 7.25],
			"to": [9, 21, 9.25],
			"rotation": {"angle": 0, "axis": "y", "origin": [7, 25, 6.75]},
			"faces": {
				"north": {"uv": [1, 9.5, 1.5, 12], "texture": "#1"},
				"east": {"uv": [1.5, 9.5, 2, 12], "texture": "#1"},
				"south": {"uv": [2, 9.5, 2.5, 12], "texture": "#1"},
				"west": {"uv": [2.5, 9.5, 3, 12], "texture": "#1"},
				"up": {"uv": [13.75, 5, 13.25, 4.5], "texture": "#1"},
				"down": {"uv": [12, 13.25, 11.5, 13.75], "texture": "#1"}
			}
		},
		{
			"from": [7, 16, 9.25],
			"to": [9, 17, 10.25],
			"rotation": {"angle": 0, "axis": "y", "origin": [7, 25, 6.75]},
			"faces": {
				"north": {"uv": [9.25, 14.5, 9.75, 14.75], "texture": "#1"},
				"east": {"uv": [9.75, 15, 10, 15.25], "texture": "#1"},
				"south": {"uv": [14.5, 9.5, 15, 9.75], "texture": "#1"},
				"west": {"uv": [15, 9.75, 15.25, 10], "texture": "#1"},
				"up": {"uv": [15, 10, 14.5, 9.75], "texture": "#1"},
				"down": {"uv": [10.5, 14.5, 10, 14.75], "texture": "#1"}
			}
		},
		{
			"from": [7, 17, 10.25],
			"to": [9, 21, 11.25],
			"rotation": {"angle": 0, "axis": "y", "origin": [7, 25, 6.75]},
			"faces": {
				"north": {"uv": [11.5, 7.25, 12, 8.25], "texture": "#1"},
				"east": {"uv": [13.25, 11.5, 13.5, 12.5], "texture": "#1"},
				"south": {"uv": [11.5, 8.25, 12, 9.25], "texture": "#1"},
				"west": {"uv": [13.25, 12.5, 13.5, 13.5], "texture": "#1"},
				"up": {"uv": [15, 10.5, 14.5, 10.25], "texture": "#1"},
				"down": {"uv": [15, 10.5, 14.5, 10.75], "texture": "#1"}
			}
		},
		{
			"from": [7, 21, 9.25],
			"to": [9, 22, 10.25],
			"rotation": {"angle": 0, "axis": "y", "origin": [7, 25, 6.75]},
			"faces": {
				"north": {"uv": [14.5, 10.75, 15, 11], "texture": "#1"},
				"east": {"uv": [10, 15, 10.25, 15.25], "texture": "#1"},
				"south": {"uv": [11, 14.5, 11.5, 14.75], "texture": "#1"},
				"west": {"uv": [15, 10, 15.25, 10.25], "texture": "#1"},
				"up": {"uv": [15, 11.25, 14.5, 11], "texture": "#1"},
				"down": {"uv": [15, 11.5, 14.5, 11.75], "texture": "#1"}
			}
		},
		{
			"from": [7, 22, 7.25],
			"to": [9, 23, 9.25],
			"rotation": {"angle": 0, "axis": "y", "origin": [7, 25, 6.75]},
			"faces": {
				"north": {"uv": [14.5, 11.75, 15, 12], "texture": "#1"},
				"east": {"uv": [12, 14.5, 12.5, 14.75], "texture": "#1"},
				"south": {"uv": [12.5, 14.5, 13, 14.75], "texture": "#1"},
				"west": {"uv": [13, 14.5, 13.5, 14.75], "texture": "#1"},
				"up": {"uv": [14, 0.5, 13.5, 0], "texture": "#1"},
				"down": {"uv": [14, 0.5, 13.5, 1], "texture": "#1"}
			}
		},
		{
			"from": [7, 16, 6.25],
			"to": [9, 17, 7.25],
			"rotation": {"angle": 0, "axis": "y", "origin": [7, 25, 6.75]},
			"faces": {
				"north": {"uv": [13.5, 14.5, 14, 14.75], "texture": "#1"},
				"east": {"uv": [10.25, 15, 10.5, 15.25], "texture": "#1"},
				"south": {"uv": [14, 14.5, 14.5, 14.75], "texture": "#1"},
				"west": {"uv": [15, 10.25, 15.25, 10.5], "texture": "#1"},
				"up": {"uv": [15, 14.25, 14.5, 14], "texture": "#1"},
				"down": {"uv": [15, 14.25, 14.5, 14.5], "texture": "#1"}
			}
		},
		{
			"from": [7, 17, 5.25],
			"to": [9, 21, 6.25],
			"rotation": {"angle": 0, "axis": "y", "origin": [7, 25, 6.75]},
			"faces": {
				"north": {"uv": [11.5, 9.25, 12, 10.25], "texture": "#1"},
				"east": {"uv": [13.5, 1, 13.75, 2], "texture": "#1"},
				"south": {"uv": [11.5, 10.25, 12, 11.25], "texture": "#1"},
				"west": {"uv": [13.5, 2, 13.75, 3], "texture": "#1"},
				"up": {"uv": [15, 14.75, 14.5, 14.5], "texture": "#1"},
				"down": {"uv": [0.5, 14.75, 0, 15], "texture": "#1"}
			}
		},
		{
			"from": [7, 21, 6.25],
			"to": [9, 22, 7.25],
			"rotation": {"angle": 0, "axis": "y", "origin": [7, 25, 6.75]},
			"faces": {
				"north": {"uv": [0.5, 14.75, 1, 15], "texture": "#1"},
				"east": {"uv": [10.5, 15, 10.75, 15.25], "texture": "#1"},
				"south": {"uv": [1, 14.75, 1.5, 15], "texture": "#1"},
				"west": {"uv": [15, 10.5, 15.25, 10.75], "texture": "#1"},
				"up": {"uv": [2, 15, 1.5, 14.75], "texture": "#1"},
				"down": {"uv": [2.5, 14.75, 2, 15], "texture": "#1"}
			}
		},
		{
			"from": [9, 16, 7.25],
			"to": [10, 17, 9.25],
			"rotation": {"angle": 0, "axis": "y", "origin": [7, 25, 6.75]},
			"faces": {
				"north": {"uv": [10.75, 15, 11, 15.25], "texture": "#1"},
				"east": {"uv": [2.5, 14.75, 3, 15], "texture": "#1"},
				"south": {"uv": [15, 10.75, 15.25, 11], "texture": "#1"},
				"west": {"uv": [3, 14.75, 3.5, 15], "texture": "#1"},
				"up": {"uv": [15, 3.75, 14.75, 3.25], "texture": "#1"},
				"down": {"uv": [3.75, 14.75, 3.5, 15.25], "texture": "#1"}
			}
		},
		{
			"from": [10, 17, 7.25],
			"to": [11, 21, 9.25],
			"rotation": {"angle": 0, "axis": "y", "origin": [7, 25, 6.75]},
			"faces": {
				"north": {"uv": [13.5, 5, 13.75, 6], "texture": "#1"},
				"east": {"uv": [11.5, 11.25, 12, 12.25], "texture": "#1"},
				"south": {"uv": [13.5, 6, 13.75, 7], "texture": "#1"},
				"west": {"uv": [11.75, 1.25, 12.25, 2.25], "texture": "#1"},
				"up": {"uv": [4, 15.25, 3.75, 14.75], "texture": "#1"},
				"down": {"uv": [15, 4, 14.75, 4.5], "texture": "#1"}
			}
		},
		{
			"from": [9, 21, 7.25],
			"to": [10, 22, 9.25],
			"rotation": {"angle": 0, "axis": "y", "origin": [7, 25, 6.75]},
			"faces": {
				"north": {"uv": [11, 15, 11.25, 15.25], "texture": "#1"},
				"east": {"uv": [4.5, 14.75, 5, 15], "texture": "#1"},
				"south": {"uv": [15, 11, 15.25, 11.25], "texture": "#1"},
				"west": {"uv": [14.75, 4.5, 15.25, 4.75], "texture": "#1"},
				"up": {"uv": [15, 5.25, 14.75, 4.75], "texture": "#1"},
				"down": {"uv": [15, 5.25, 14.75, 5.75], "texture": "#1"}
			}
		},
		{
			"from": [6, 21, 7.25],
			"to": [7, 22, 9.25],
			"rotation": {"angle": 0, "axis": "y", "origin": [7, 25, 6.75]},
			"faces": {
				"north": {"uv": [11.25, 15, 11.5, 15.25], "texture": "#1"},
				"east": {"uv": [5.5, 14.75, 6, 15], "texture": "#1"},
				"south": {"uv": [15, 11.25, 15.25, 11.5], "texture": "#1"},
				"west": {"uv": [14.75, 5.75, 15.25, 6], "texture": "#1"},
				"up": {"uv": [6.25, 15.25, 6, 14.75], "texture": "#1"},
				"down": {"uv": [15, 6, 14.75, 6.5], "texture": "#1"}
			}
		},
		{
			"from": [5, 17, 7.25],
			"to": [6, 21, 9.25],
			"rotation": {"angle": 0, "axis": "y", "origin": [7, 25, 6.75]},
			"faces": {
				"north": {"uv": [13.5, 7, 13.75, 8], "texture": "#1"},
				"east": {"uv": [5, 11.75, 5.5, 12.75], "texture": "#1"},
				"south": {"uv": [13.5, 8, 13.75, 9], "texture": "#1"},
				"west": {"uv": [5.5, 11.75, 6, 12.75], "texture": "#1"},
				"up": {"uv": [6.5, 15.25, 6.25, 14.75], "texture": "#1"},
				"down": {"uv": [15, 6.5, 14.75, 7], "texture": "#1"}
			}
		},
		{
			"from": [6, 16, 7.25],
			"to": [7, 17, 9.25],
			"rotation": {"angle": 0, "axis": "y", "origin": [7, 25, 6.75]},
			"faces": {
				"north": {"uv": [11.5, 15, 11.75, 15.25], "texture": "#1"},
				"east": {"uv": [14.75, 7, 15.25, 7.25], "texture": "#1"},
				"south": {"uv": [15, 11.5, 15.25, 11.75], "texture": "#1"},
				"west": {"uv": [14.75, 7.25, 15.25, 7.5], "texture": "#1"},
				"up": {"uv": [7.75, 15.25, 7.5, 14.75], "texture": "#1"},
				"down": {"uv": [15, 7.5, 14.75, 8], "texture": "#1"}
			}
		},
		{
			"from": [6, 17, 9.25],
			"to": [7, 21, 10.25],
			"rotation": {"angle": 0, "axis": "y", "origin": [7, 25, 6.75]},
			"faces": {
				"north": {"uv": [13.5, 9, 13.75, 10], "texture": "#1"},
				"east": {"uv": [13.5, 10, 13.75, 11], "texture": "#1"},
				"south": {"uv": [13.5, 11, 13.75, 12], "texture": "#1"},
				"west": {"uv": [12, 13.5, 12.25, 14.5], "texture": "#1"},
				"up": {"uv": [12, 15.25, 11.75, 15], "texture": "#1"},
				"down": {"uv": [15.25, 11.75, 15, 12], "texture": "#1"}
			}
		},
		{
			"from": [9, 17, 9.25],
			"to": [10, 21, 10.25],
			"rotation": {"angle": 0, "axis": "y", "origin": [7, 25, 6.75]},
			"faces": {
				"north": {"uv": [13.5, 12, 13.75, 13], "texture": "#1"},
				"east": {"uv": [12.25, 13.5, 12.5, 14.5], "texture": "#1"},
				"south": {"uv": [12.5, 13.5, 12.75, 14.5], "texture": "#1"},
				"west": {"uv": [13.5, 13, 13.75, 14], "texture": "#1"},
				"up": {"uv": [12.25, 15.25, 12, 15], "texture": "#1"},
				"down": {"uv": [15.25, 12, 15, 12.25], "texture": "#1"}
			}
		},
		{
			"from": [9, 17, 6.25],
			"to": [10, 21, 7.25],
			"rotation": {"angle": 0, "axis": "y", "origin": [7, 25, 6.75]},
			"faces": {
				"north": {"uv": [13.25, 13.5, 13.5, 14.5], "texture": "#1"},
				"east": {"uv": [0, 13.75, 0.25, 14.75], "texture": "#1"},
				"south": {"uv": [0.25, 13.75, 0.5, 14.75], "texture": "#1"},
				"west": {"uv": [13.75, 1, 14, 2], "texture": "#1"},
				"up": {"uv": [12.5, 15.25, 12.25, 15], "texture": "#1"},
				"down": {"uv": [15.25, 12.25, 15, 12.5], "texture": "#1"}
			}
		},
		{
			"from": [6, 17, 6.25],
			"to": [7, 21, 7.25],
			"rotation": {"angle": 0, "axis": "y", "origin": [7, 25, 6.75]},
			"faces": {
				"north": {"uv": [13.75, 2, 14, 3], "texture": "#1"},
				"east": {"uv": [3, 13.75, 3.25, 14.75], "texture": "#1"},
				"south": {"uv": [13.75, 3, 14, 4], "texture": "#1"},
				"west": {"uv": [3.25, 13.75, 3.5, 14.75], "texture": "#1"},
				"up": {"uv": [12.75, 15.25, 12.5, 15], "texture": "#1"},
				"down": {"uv": [15.25, 12.5, 15, 12.75], "texture": "#1"}
			}
		}
	],
	"display": {
		"thirdperson_righthand": {
			"rotation": [-12, 0, 0],
			"translation": [0, -2, 0]
		},
		"firstperson_righthand": {
			"scale": [0.75, 0.71, 0.79]
		},
		"firstperson_lefthand": {
			"rotation": [2, 0, 0],
			"translation": [0, 5.25, 0],
			"scale": [1, 1, 1.01]
		},
		"gui": {
			"rotation": [0, -40, 0],
			"translation": [0, -8.5, 0]
		},
		"fixed": {
			"translation": [0, -9.25, 0]
		}
	},
	"groups": [
		{
			"name": "Bucket",
			"origin": [7.5, 0.5, 7.5],
			"color": 1,
			"children": [0, 1, 2, 3, 4, 5, 6, 7, 8, 9, 10, 11, 12, 13, 14, 15, 16]
		},
		{
			"name": "Chicken",
			"origin": [8, 8, 8],
			"color": 0,
			"children": [17, 18, 19, 20, 21, 22, 23, 24, 25, 26, 27, 28, 29, 30, 31, 32, 33, 34]
		},
		{
			"name": "Chicken",
			"origin": [8, 8, 8],
			"color": 0,
			"children": [35, 36, 37, 38, 39, 40, 41, 42, 43, 44, 45, 46, 47, 48, 49, 50, 51, 52]
		},
		{
			"name": "Chicken",
			"origin": [8, 8, 8],
			"color": 0,
			"children": [53, 54, 55, 56, 57, 58, 59, 60, 61, 62, 63, 64, 65, 66, 67, 68, 69, 70]
		},
		{
			"name": "Chicken",
			"origin": [8, 8, 8],
			"color": 0,
			"children": [71, 72, 73, 74, 75, 76, 77, 78, 79, 80, 81, 82, 83, 84, 85, 86, 87, 88]
		},
		{
			"name": "Chicken",
			"origin": [8, 8, 8],
			"color": 0,
			"children": [89, 90, 91, 92, 93, 94, 95, 96, 97, 98, 99, 100, 101, 102, 103, 104, 105, 106]
		}
	]
}