{
	"credit": "Made with Blockbench",
	"texture_size": [32, 32],
	"textures": {
		"0": "item/mc_donalds_sprite",
		"particle": "item/mc_donalds_sprite"
	},
	"elements": [
		{
			"from": [7, 9, 9],
			"to": [8, 10, 10],
			"rotation": {"angle": 0, "axis": "y", "origin": [7.5, 0.5, 7.5]},
			"faces": {
				"north": {"uv": [3.75, 6.75, 4, 7], "texture": "#0"},
				"east": {"uv": [6.75, 4.25, 7, 4.5], "texture": "#0"},
				"south": {"uv": [6.75, 4.5, 7, 4.75], "texture": "#0"},
				"west": {"uv": [6.75, 5, 7, 5.25], "texture": "#0"},
				"up": {"uv": [7, 5.5, 6.75, 5.25], "texture": "#0"},
				"down": {"uv": [5.75, 6.75, 5.5, 7], "texture": "#0"}
			}
		},
		{
			"from": [8, 9, 9],
			"to": [10, 10, 10],
			"rotation": {"angle": 0, "axis": "y", "origin": [7.5, 0.5, 7.5]},
			"faces": {
				"north": {"uv": [6, 4.75, 6.5, 5], "texture": "#0"},
				"east": {"uv": [5.75, 6.75, 6, 7], "texture": "#0"},
				"south": {"uv": [6.25, 3, 6.75, 3.25], "texture": "#0"},
				"west": {"uv": [6, 6.75, 6.25, 7], "texture": "#0"},
				"up": {"uv": [6.75, 3.75, 6.25, 3.5], "texture": "#0"},
				"down": {"uv": [6.75, 3.75, 6.25, 4], "texture": "#0"}
			}
		},
		{
			"from": [7, 9, 10],
			"to": [8, 10, 12],
			"rotation": {"angle": 0, "axis": "y", "origin": [7.5, 0.5, 7.5]},
			"faces": {
				"north": {"uv": [6.25, 6.75, 6.5, 7], "texture": "#0"},
				"east": {"uv": [6.25, 4, 6.75, 4.25], "texture": "#0"},
				"south": {"uv": [6.5, 6.75, 6.75, 7], "texture": "#0"},
				"west": {"uv": [6.25, 4.25, 6.75, 4.5], "texture": "#0"},
				"up": {"uv": [4, 6.75, 3.75, 6.25], "texture": "#0"},
				"down": {"uv": [6.5, 6, 6.25, 6.5], "texture": "#0"}
			}
		},
		{
			"from": [7, 9, 7],
			"to": [8, 10, 9],
			"rotation": {"angle": 0, "axis": "y", "origin": [7.5, 0.5, 7.5]},
			"faces": {
				"north": {"uv": [6.75, 6.75, 7, 7], "texture": "#0"},
				"east": {"uv": [6.25, 4.5, 6.75, 4.75], "texture": "#0"},
				"south": {"uv": [2.25, 7, 2.5, 7.25], "texture": "#0"},
				"west": {"uv": [6.5, 4.75, 7, 5], "texture": "#0"},
				"up": {"uv": [6.75, 5.5, 6.5, 5], "texture": "#0"},
				"down": {"uv": [5.5, 6.5, 5.25, 7], "texture": "#0"}
			}
		},
		{
			"from": [5, 9, 9],
			"to": [7, 10, 10],
			"rotation": {"angle": 0, "axis": "y", "origin": [7.5, 0.5, 7.5]},
			"faces": {
				"north": {"uv": [5.5, 6.5, 6, 6.75], "texture": "#0"},
				"east": {"uv": [2.5, 7, 2.75, 7.25], "texture": "#0"},
				"south": {"uv": [6.5, 5.5, 7, 5.75], "texture": "#0"},
				"west": {"uv": [2.75, 7, 3, 7.25], "texture": "#0"},
				"up": {"uv": [7, 6, 6.5, 5.75], "texture": "#0"},
				"down": {"uv": [6.5, 6.5, 6, 6.75], "texture": "#0"}
			}
		},
		{
			"from": [5, 9, 7],
			"to": [7, 10, 9],
			"faces": {
				"north": {"uv": [6.5, 6, 7, 6.25], "texture": "#0"},
				"east": {"uv": [6.5, 6.25, 7, 6.5], "texture": "#0"},
				"south": {"uv": [6.5, 6.5, 7, 6.75], "texture": "#0"},
				"west": {"uv": [6.75, 1.5, 7.25, 1.75], "texture": "#0"},
				"up": {"uv": [5.75, 6.5, 5.25, 6], "texture": "#0"},
				"down": {"uv": [6.25, 6, 5.75, 6.5], "texture": "#0"}
			}
		},
		{
			"from": [8, 9, 7],
			"to": [10, 10, 9],
			"faces": {
				"north": {"uv": [6.75, 1.75, 7.25, 2], "texture": "#0"},
				"east": {"uv": [6.75, 2, 7.25, 2.25], "texture": "#0"},
				"south": {"uv": [2.25, 6.75, 2.75, 7], "texture": "#0"},
				"west": {"uv": [6.75, 2.25, 7.25, 2.5], "texture": "#0"},
				"up": {"uv": [6.75, 2, 6.25, 1.5], "texture": "#0"},
				"down": {"uv": [6.75, 2, 6.25, 2.5], "texture": "#0"}
			}
		},
		{
			"from": [5, 9, 10],
			"to": [7, 10, 12],
			"faces": {
				"north": {"uv": [6.75, 2.5, 7.25, 2.75], "texture": "#0"},
				"east": {"uv": [2.75, 6.75, 3.25, 7], "texture": "#0"},
				"south": {"uv": [6.75, 2.75, 7.25, 3], "texture": "#0"},
				"west": {"uv": [6.75, 3, 7.25, 3.25], "texture": "#0"},
				"up": {"uv": [2.75, 6.75, 2.25, 6.25], "texture": "#0"},
				"down": {"uv": [6.75, 2.5, 6.25, 3], "texture": "#0"}
			}
		},
		{
			"from": [8, 9, 10],
			"to": [10, 10, 12],
			"faces": {
				"north": {"uv": [3.25, 6.75, 3.75, 7], "texture": "#0"},
				"east": {"uv": [6.75, 3.5, 7.25, 3.75], "texture": "#0"},
				"south": {"uv": [6.75, 3.75, 7.25, 4], "texture": "#0"},
				"west": {"uv": [6.75, 4, 7.25, 4.25], "texture": "#0"},
				"up": {"uv": [3.25, 6.75, 2.75, 6.25], "texture": "#0"},
				"down": {"uv": [3.75, 6.25, 3.25, 6.75], "texture": "#0"}
			}
		},
		{
			"from": [4, 10, 6],
			"to": [11, 20, 7],
			"rotation": {"angle": 0, "axis": "y", "origin": [7.5, 0.5, 7.5]},
			"faces": {
				"north": {"uv": [0, 0, 1.75, 2.5], "texture": "#0"},
				"east": {"uv": [0, 5, 0.25, 7.5], "texture": "#0"},
				"south": {"uv": [1.75, 0, 3.5, 2.5], "texture": "#0"},
				"west": {"uv": [0.25, 5, 0.5, 7.5], "texture": "#0"},
				"up": {"uv": [7.75, 0.25, 6, 0], "texture": "#0"},
				"down": {"uv": [7.75, 0.25, 6, 0.5], "texture": "#0"}
			}
		},
		{
			"from": [10, 10, 7],
			"to": [11, 20, 12],
			"rotation": {"angle": 0, "axis": "y", "origin": [4.5, 20.5, 7.5]},
			"faces": {
				"north": {"uv": [0.5, 5, 0.75, 7.5], "texture": "#0"},
				"east": {"uv": [3.5, 0, 4.75, 2.5], "texture": "#0"},
				"south": {"uv": [0.75, 5, 1, 7.5], "texture": "#0"},
				"west": {"uv": [3.5, 2.5, 4.75, 5], "texture": "#0"},
				"up": {"uv": [6.25, 4.75, 6, 3.5], "texture": "#0"},
				"down": {"uv": [4.75, 6, 4.5, 7.25], "texture": "#0"}
			}
		},
		{
			"from": [4, 10, 12],
			"to": [11, 20, 13],
			"rotation": {"angle": 0, "axis": "y", "origin": [4.5, 20.5, 7.5]},
			"faces": {
				"north": {"uv": [0, 2.5, 1.75, 5], "texture": "#0"},
				"east": {"uv": [1, 5, 1.25, 7.5], "texture": "#0"},
				"south": {"uv": [1.75, 2.5, 3.5, 5], "texture": "#0"},
				"west": {"uv": [1.25, 5, 1.5, 7.5], "texture": "#0"},
				"up": {"uv": [7.75, 0.75, 6, 0.5], "texture": "#0"},
				"down": {"uv": [7.75, 0.75, 6, 1], "texture": "#0"}
			}
		},
		{
			"from": [4, 10, 7],
			"to": [5, 20, 12],
			"rotation": {"angle": 0, "axis": "y", "origin": [4.25, 20.5, 10.5]},
			"faces": {
				"north": {"uv": [1.5, 5, 1.75, 7.5], "texture": "#0"},
				"east": {"uv": [4.75, 0, 6, 2.5], "texture": "#0"},
				"south": {"uv": [1.75, 5, 2, 7.5], "texture": "#0"},
				"west": {"uv": [4.75, 2.5, 6, 5], "texture": "#0"},
				"up": {"uv": [5, 7.25, 4.75, 6], "texture": "#0"},
				"down": {"uv": [5.25, 6, 5, 7.25], "texture": "#0"}
			}
		},
		{
			"from": [3, 20, 6],
			"to": [4, 21, 13],
			"rotation": {"angle": 0, "axis": "y", "origin": [4.25, 20.5, 10.5]},
			"faces": {
				"north": {"uv": [3, 7, 3.25, 7.25], "texture": "#0"},
				"east": {"uv": [6, 1, 7.75, 1.25], "texture": "#0"},
				"south": {"uv": [3.25, 7, 3.5, 7.25], "texture": "#0"},
				"west": {"uv": [6, 1.25, 7.75, 1.5], "texture": "#0"},
				"up": {"uv": [6.25, 3.25, 6, 1.5], "texture": "#0"},
				"down": {"uv": [2.25, 6, 2, 7.75], "texture": "#0"}
			}
		},
		{
			"from": [3, 20, 13],
			"to": [12, 21, 14],
			"rotation": {"angle": 0, "axis": "y", "origin": [4.5, 20.5, 7.5]},
			"faces": {
				"north": {"uv": [2, 5, 4.25, 5.25], "texture": "#0"},
				"east": {"uv": [3.5, 7, 3.75, 7.25], "texture": "#0"},
				"south": {"uv": [4.25, 5, 6.5, 5.25], "texture": "#0"},
				"west": {"uv": [3.75, 7, 4, 7.25], "texture": "#0"},
				"up": {"uv": [4.25, 5.5, 2, 5.25], "texture": "#0"},
				"down": {"uv": [6.5, 5.25, 4.25, 5.5], "texture": "#0"}
			}
		},
		{
			"from": [11, 20, 6],
			"to": [12, 21, 13],
			"rotation": {"angle": 0, "axis": "y", "origin": [4.5, 20.5, 7.5]},
			"faces": {
				"north": {"uv": [7, 4.25, 7.25, 4.5], "texture": "#0"},
				"east": {"uv": [2.25, 6, 4, 6.25], "texture": "#0"},
				"south": {"uv": [7, 4.5, 7.25, 4.75], "texture": "#0"},
				"west": {"uv": [6, 3.25, 7.75, 3.5], "texture": "#0"},
				"up": {"uv": [4.25, 7.75, 4, 6], "texture": "#0"},
				"down": {"uv": [4.5, 6, 4.25, 7.75], "texture": "#0"}
			}
		},
		{
			"from": [3, 20, 5],
			"to": [12, 21, 6],
			"rotation": {"angle": 0, "axis": "y", "origin": [7.5, 0.5, 7.5]},
			"faces": {
				"north": {"uv": [2, 5.5, 4.25, 5.75], "texture": "#0"},
				"east": {"uv": [7, 4.75, 7.25, 5], "texture": "#0"},
				"south": {"uv": [4.25, 5.5, 6.5, 5.75], "texture": "#0"},
				"west": {"uv": [7, 5, 7.25, 5.25], "texture": "#0"},
				"up": {"uv": [4.25, 6, 2, 5.75], "texture": "#0"},
				"down": {"uv": [6.5, 5.75, 4.25, 6], "texture": "#0"}
			}
		},
		{
			"from": [5, 17, 7],
			"to": [10, 19.75, 12],
			"faces": {
				"north": {"uv": [7.5, 7.5, 10, 8.5], "texture": "#0"},
				"east": {"uv": [5, 7.5, 7.5, 8.5], "texture": "#0"},
				"south": {"uv": [12.5, 7.5, 15, 8.5], "texture": "#0"},
				"west": {"uv": [10, 7.5, 12.5, 8.5], "texture": "#0"},
				"up": {"uv": [10, 7.5, 7.5, 5], "texture": "#0"},
				"down": {"uv": [12.5, 5, 10, 7.5], "texture": "#0"}
			}
		}
	],
	"display": {
		"thirdperson_righthand": {
			"rotation": [-1, 0, 0],
			"translation": [0, -2.5, 0],
			"scale": [0.86, 0.96, 0.9]
		},
		"firstperson_righthand": {
			"scale": [0.75, 0.71, 0.79]
		},
		"firstperson_lefthand": {
			"rotation": [2, 0, 0],
			"translation": [0, 5.25, 0],
			"scale": [1, 1, 1.01]
		},
		"gui": {
			"rotation": [0, -40, 0],
			"translation": [0, -8.5, 0]
		},
		"fixed": {
			"translation": [0, -9.25, 0]
		}
	},
	"groups": [
		{
			"name": "Bucket",
			"origin": [7.5, 0.5, 7.5],
			"color": 1,
			"children": [0, 1, 2, 3, 4, 5, 6, 7, 8, 9, 10, 11, 12, 13, 14, 15, 16, 17]
		}
	]
}